fact,explanation,gen_time
"[2, 0, 20, 0, 30, 6, 2, 0, 8, 2, 30, 5, 3, 0, 8, 0, 30, 1, 7, 0, 8, 2, 30, 8, 0, 0, 8, 1, 30, 1, 4, 0, 5, 1, -15, 3, 1, 619]","[0, 1, 28, 4, 30, 9, 4, 0, 4, 10, 30, 5, 2, 0, 4, 3, 30, 10, 5, 0, 6, 1, 30, 7, 8, 0, 12, 11, 30, 6, 0, 0, 4, 0, -27, 3, 1, 1379]",463.3637800216675
"[2, 0, 20, 0, 30, 6, 2, 0, 8, 2, 30, 5, 3, 0, 8, 0, 30, 1, 7, 0, 8, 2, 30, 8, 0, 0, 8, 1, 30, 1, 4, 0, 5, 1, -15, 3, 1, 619]","[2, 3, 44, 6, 30, 0, 0, 0, 14, 24, 30, 7, 4, 0, 6, 0, 30, 0, 11, 0, 14, 2, 30, 12, 7, 0, 2, 8, 30, 7, 7, 0, 2, 1, -15, 3, 0, 1279]",463.3637800216675
"[2, 0, 20, 0, 30, 6, 2, 0, 8, 2, 30, 5, 3, 0, 8, 0, 30, 1, 7, 0, 8, 2, 30, 8, 0, 0, 8, 1, 30, 1, 4, 0, 5, 1, -15, 3, 1, 619]","[1, 4, 35, 2, 30, 1, 3, 0, 8, 6, 30, 3, 0, 0, 2, 5, 30, 3, 3, 0, 12, 6, 30, 3, 6, 0, 15, 1, 30, 1, 2, 0, 3, 1, -15, 3, 1, 919]",463.3637800216675
"[2, 2, 30, 3, 30, 4, 1, 0, 5, 0, 30, 2, 0, 0, 2, 1, 30, 1, 4, 0, 5, 4, 30, 2, 3, 0, 5, 0, 30, 2, 1, 0, 3, 1, -15, 3, 1, 919]","[1, 2, 2, 4, 30, 7, 5, 0, 4, 10, 30, 5, 2, 0, 4, 3, 30, 9, 0, 0, 10, 1, 30, 2, 4, 0, 8, 1, 30, 5, 2, 0, 0, 1, -15, 3, 0, 1239]",450.596453666687
"[2, 2, 30, 3, 30, 4, 1, 0, 5, 0, 30, 2, 0, 0, 2, 1, 30, 1, 4, 0, 5, 4, 30, 2, 3, 0, 5, 0, 30, 2, 1, 0, 3, 1, -15, 3, 1, 919]","[2, 0, 8, 6, 30, 15, 11, 0, 5, 3, 30, 2, 0, 0, 2, 0, 30, 1, 14, 0, 5, 5, 30, 3, 5, 0, 4, 8, 30, 0, 6, 0, 1, 0, -27, 3, 0, 1399]",450.596453666687
"[2, 2, 30, 3, 30, 4, 1, 0, 5, 0, 30, 2, 0, 0, 2, 1, 30, 1, 4, 0, 5, 4, 30, 2, 3, 0, 5, 0, 30, 2, 1, 0, 3, 1, -15, 3, 1, 919]","[0, 4, 20, 3, 30, 10, 4, 0, 13, 0, 30, 7, 7, 0, 10, 1, 30, 8, 10, 0, 13, 14, 30, 0, 3, 0, 9, 6, 30, 7, 3, 0, 8, 0, -27, 3, 1, 1079]",450.596453666687
"[2, 1, 14, 2, 30, 9, 0, 0, 9, 4, 30, 6, 0, 0, 6, 0, 30, 1, 8, 0, 9, 0, 30, 9, 0, 0, 9, 0, 30, 3, 1, 0, 4, 1, -15, 3, 1, 439]","[2, 1, 12, 4, 30, 11, 10, 0, 4, 3, 30, 5, 1, 0, 6, 0, 30, 3, 11, 0, 5, 4, 30, 10, 1, 0, 8, 18, 30, 3, 2, 0, 7, 0, -15, 3, 0, 1419]",450.718133687973
"[2, 1, 14, 2, 30, 9, 0, 0, 9, 4, 30, 6, 0, 0, 6, 0, 30, 1, 8, 0, 9, 0, 30, 9, 0, 0, 9, 0, 30, 3, 1, 0, 4, 1, -15, 3, 1, 439]","[1, 3, 8, 0, 30, 2, 4, 0, 6, 21, 30, 10, 7, 0, 2, 1, 30, 6, 7, 0, 2, 0, 30, 1, 0, 0, 6, 5, 30, 5, 7, 0, 3, 0, -15, 3, 1, 1199]",450.718133687973
"[2, 1, 14, 2, 30, 9, 0, 0, 9, 4, 30, 6, 0, 0, 6, 0, 30, 1, 8, 0, 9, 0, 30, 9, 0, 0, 9, 0, 30, 3, 1, 0, 4, 1, -15, 3, 1, 439]","[0, 2, 29, 1, 30, 4, 2, 0, 13, 22, 30, 6, 2, 0, 4, 5, 30, 2, 6, 0, 7, 8, 30, 0, 9, 0, 9, 21, 30, 4, 1, 0, 0, 1, -27, 3, 0, 279]",450.718133687973
"[2, 3, 7, 0, 30, 0, 4, 0, 4, 3, 30, 2, 0, 0, 2, 0, 30, 1, 3, 0, 4, 0, 30, 0, 4, 0, 4, 2, 30, 2, 0, 0, 2, 0, -27, 3, 0, 219]","[2, 2, 8, 1, 30, 14, 5, 0, 2, 21, 30, 4, 4, 0, 12, 1, 30, 8, 2, 0, 11, 8, 30, 9, 2, 0, 13, 16, 30, 1, 2, 0, 1, 1, -27, 3, 1, 1279]",443.4271104335785
"[2, 3, 7, 0, 30, 0, 4, 0, 4, 3, 30, 2, 0, 0, 2, 0, 30, 1, 3, 0, 4, 0, 30, 0, 4, 0, 4, 2, 30, 2, 0, 0, 2, 0, -27, 3, 0, 219]","[1, 3, 36, 0, 30, 11, 4, 0, 11, 11, 30, 2, 3, 0, 6, 5, 30, 1, 6, 0, 3, 0, 30, 10, 7, 0, 15, 8, 30, 6, 4, 0, 0, 1, -15, 3, 1, 59]",443.4271104335785
"[2, 3, 7, 0, 30, 0, 4, 0, 4, 3, 30, 2, 0, 0, 2, 0, 30, 1, 3, 0, 4, 0, 30, 0, 4, 0, 4, 2, 30, 2, 0, 0, 2, 0, -27, 3, 0, 219]","[0, 0, 20, 7, 30, 13, 8, 0, 15, 5, 30, 1, 0, 0, 0, 0, 30, 10, 14, 0, 15, 5, 30, 6, 9, 0, 14, 21, 30, 2, 1, 0, 7, 0, -27, 3, 0, 1359]",443.4271104335785
"[2, 0, 21, 4, 30, 9, 1, 0, 10, 6, 30, 6, 0, 0, 6, 1, 30, 3, 7, 0, 10, 3, 30, 6, 4, 0, 10, 0, 30, 3, 1, 0, 4, 1, -15, 3, 1, 659]","[1, 3, 38, 5, 30, 10, 2, 0, 3, 0, 30, 8, 1, 0, 10, 4, 30, 1, 11, 0, 8, 5, 30, 9, 10, 0, 8, 20, 30, 4, 1, 0, 6, 0, -15, 3, 1, 1299]",446.0239772796631
"[2, 0, 21, 4, 30, 9, 1, 0, 10, 6, 30, 6, 0, 0, 6, 1, 30, 3, 7, 0, 10, 3, 30, 6, 4, 0, 10, 0, 30, 3, 1, 0, 4, 1, -15, 3, 1, 659]","[2, 2, 17, 6, 30, 6, 0, 0, 8, 26, 30, 1, 0, 0, 8, 0, 30, 5, 8, 0, 2, 11, 30, 10, 2, 0, 11, 23, 30, 6, 4, 0, 2, 0, -27, 3, 0, 539]",446.0239772796631
"[2, 0, 21, 4, 30, 9, 1, 0, 10, 6, 30, 6, 0, 0, 6, 1, 30, 3, 7, 0, 10, 3, 30, 6, 4, 0, 10, 0, 30, 3, 1, 0, 4, 1, -15, 3, 1, 659]","[0, 1, 2, 1, 30, 12, 4, 0, 15, 24, 30, 3, 2, 0, 6, 3, 30, 8, 12, 0, 7, 2, 30, 3, 1, 0, 10, 7, 30, 7, 7, 0, 5, 1, -15, 3, 0, 1099]",446.0239772796631
"[2, 2, 16, 1, 30, 7, 2, 0, 9, 0, 30, 8, 0, 0, 8, 0, 30, 1, 8, 0, 9, 2, 30, 4, 5, 0, 9, 0, 30, 1, 3, 0, 4, 1, -15, 3, 1, 499]","[2, 1, 19, 5, 30, 10, 0, 0, 14, 23, 30, 0, 1, 0, 6, 3, 30, 9, 6, 0, 4, 8, 30, 13, 13, 0, 5, 1, 30, 1, 5, 0, 6, 0, -15, 3, 1, 159]",441.96032071113586
"[2, 2, 16, 1, 30, 7, 2, 0, 9, 0, 30, 8, 0, 0, 8, 0, 30, 1, 8, 0, 9, 2, 30, 4, 5, 0, 9, 0, 30, 1, 3, 0, 4, 1, -15, 3, 1, 499]","[1, 0, 11, 2, 30, 0, 2, 0, 6, 10, 30, 4, 0, 0, 2, 4, 30, 2, 5, 0, 13, 10, 30, 12, 2, 0, 6, 3, 30, 6, 7, 0, 2, 1, -27, 3, 0, 119]",441.96032071113586
"[2, 2, 16, 1, 30, 7, 2, 0, 9, 0, 30, 8, 0, 0, 8, 0, 30, 1, 8, 0, 9, 2, 30, 4, 5, 0, 9, 0, 30, 1, 3, 0, 4, 1, -15, 3, 1, 499]","[0, 4, 13, 8, 30, 15, 1, 0, 8, 6, 30, 5, 2, 0, 4, 1, 30, 8, 4, 0, 9, 14, 30, 0, 7, 0, 12, 0, 30, 2, 1, 0, 4, 1, -15, 3, 1, 379]",441.96032071113586
"[2, 3, 1, 0, 30, 7, 3, 0, 10, 0, 30, 2, 0, 0, 2, 1, 30, 4, 6, 0, 10, 2, 30, 10, 0, 0, 10, 0, 30, 6, 0, 0, 6, 0, -27, 3, 0, 59]","[0, 3, 23, 0, 30, 4, 0, 0, 3, 22, 30, 4, 4, 0, 4, 3, 30, 3, 3, 0, 9, 14, 30, 11, 10, 0, 2, 17, 30, 1, 5, 0, 9, 1, -15, 3, 1, 1279]",441.040091753006
"[2, 3, 1, 0, 30, 7, 3, 0, 10, 0, 30, 2, 0, 0, 2, 1, 30, 4, 6, 0, 10, 2, 30, 10, 0, 0, 10, 0, 30, 6, 0, 0, 6, 0, -27, 3, 0, 59]","[1, 0, 24, 6, 30, 8, 8, 0, 4, 15, 30, 8, 5, 0, 2, 4, 30, 9, 13, 0, 15, 5, 30, 9, 0, 0, 12, 9, 30, 7, 1, 0, 5, 0, -27, 3, 0, 419]",441.040091753006
"[2, 3, 1, 0, 30, 7, 3, 0, 10, 0, 30, 2, 0, 0, 2, 1, 30, 4, 6, 0, 10, 2, 30, 10, 0, 0, 10, 0, 30, 6, 0, 0, 6, 0, -27, 3, 0, 59]","[2, 1, 2, 7, 30, 9, 4, 0, 11, 24, 30, 10, 2, 0, 12, 1, 30, 5, 0, 0, 13, 0, 30, 1, 1, 0, 15, 0, 30, 5, 4, 0, 2, 1, -27, 3, 0, 439]",441.040091753006
"[2, 1, 19, 1, 30, 11, 2, 0, 13, 2, 30, 3, 5, 0, 8, 0, 30, 4, 9, 0, 13, 3, 30, 9, 4, 0, 13, 0, 30, 6, 3, 0, 9, 1, -15, 3, 1, 599]","[0, 4, 33, 0, 30, 3, 11, 0, 9, 21, 30, 4, 2, 0, 2, 0, 30, 9, 6, 0, 7, 3, 30, 9, 3, 0, 11, 21, 30, 6, 6, 0, 7, 0, -27, 3, 0, 59]",445.2676305770874
"[2, 1, 19, 1, 30, 11, 2, 0, 13, 2, 30, 3, 5, 0, 8, 0, 30, 4, 9, 0, 13, 3, 30, 9, 4, 0, 13, 0, 30, 6, 3, 0, 9, 1, -15, 3, 1, 599]","[2, 1, 31, 3, 30, 4, 7, 0, 15, 11, 30, 8, 3, 0, 10, 2, 30, 5, 5, 0, 15, 1, 30, 1, 0, 0, 9, 1, 30, 0, 2, 0, 2, 1, -15, 3, 1, 839]",445.2676305770874
"[2, 1, 19, 1, 30, 11, 2, 0, 13, 2, 30, 3, 5, 0, 8, 0, 30, 4, 9, 0, 13, 3, 30, 9, 4, 0, 13, 0, 30, 6, 3, 0, 9, 1, -15, 3, 1, 599]","[1, -1, 8, 4, 30, 9, 14, 0, 7, 14, 30, 6, 4, 0, 12, 5, 30, 2, 2, 0, 13, 5, 30, 7, 11, 0, 15, 19, 30, 3, 3, 0, 6, 0, -15, 3, 0, 1399]",445.2676305770874
"[2, 2, 25, 6, 30, 4, 0, 0, 4, 2, 30, 2, 0, 0, 2, 0, 30, 1, 3, 0, 4, 6, 30, 4, 0, 0, 4, 0, 30, 0, 1, 0, 1, 1, -15, 3, 1, 759]","[2, -1, 25, 2, 30, 1, 4, 0, 15, 24, 30, 4, 0, 0, 0, 4, 30, 3, 1, 0, 4, 10, 30, 9, 2, 0, 15, 9, 30, 1, 6, 0, 3, 1, -15, 3, 0, 119]",446.47259855270386
"[2, 2, 25, 6, 30, 4, 0, 0, 4, 2, 30, 2, 0, 0, 2, 0, 30, 1, 3, 0, 4, 6, 30, 4, 0, 0, 4, 0, 30, 0, 1, 0, 1, 1, -15, 3, 1, 759]","[0, 0, 34, 0, 30, 6, 10, 0, 6, 11, 30, 1, 4, 0, 10, 0, 30, 6, 4, 0, 6, 3, 30, 13, 5, 0, 2, 1, 30, 0, 1, 0, 1, 0, -15, 3, 1, 259]",446.47259855270386
"[2, 2, 25, 6, 30, 4, 0, 0, 4, 2, 30, 2, 0, 0, 2, 0, 30, 1, 3, 0, 4, 6, 30, 4, 0, 0, 4, 0, 30, 0, 1, 0, 1, 1, -15, 3, 1, 759]","[1, 2, 26, 6, 30, 9, 0, 0, 7, 18, 30, 5, 7, 0, 4, 5, 30, 8, 12, 0, 13, 14, 30, 0, 9, 0, 13, 3, 30, 5, 3, 0, 7, 1, -27, 3, 1, 719]",446.47259855270386
"[2, 0, 27, 3, 30, 5, 0, 0, 5, 5, 30, 0, 0, 0, 0, 0, 30, 1, 4, 0, 5, 0, 30, 4, 1, 0, 5, 0, 30, 1, 3, 0, 4, 1, -15, 3, 1, 819]","[1, 3, 5, 4, 30, 2, 9, 0, 5, 7, 30, 8, 5, 0, 4, 2, 30, 3, 5, 0, 12, 3, 30, 12, 11, 0, 10, 1, 30, 5, 5, 0, 9, 0, -15, 3, 0, 1319]",444.26536202430725
"[2, 0, 27, 3, 30, 5, 0, 0, 5, 5, 30, 0, 0, 0, 0, 0, 30, 1, 4, 0, 5, 0, 30, 4, 1, 0, 5, 0, 30, 1, 3, 0, 4, 1, -15, 3, 1, 819]","[2, 1, 1, 5, 30, 7, 14, 0, 4, 9, 30, 2, 4, 0, 10, 0, 30, 1, 6, 0, 3, 0, 30, 1, 0, 0, 4, 21, 30, 7, 3, 0, 2, 1, -27, 3, 0, 1199]",444.26536202430725
"[2, 0, 27, 3, 30, 5, 0, 0, 5, 5, 30, 0, 0, 0, 0, 0, 30, 1, 4, 0, 5, 0, 30, 4, 1, 0, 5, 0, 30, 1, 3, 0, 4, 1, -15, 3, 1, 819]","[0, 2, 40, 2, 30, 8, 6, 0, 2, 26, 30, 4, 1, 0, 12, 4, 30, 5, 8, 0, 5, 7, 30, 11, 7, 0, 12, 8, 30, 6, 4, 0, 7, 0, -15, 3, 1, 799]",444.26536202430725
"[2, 4, 34, 1, 30, 9, 0, 0, 9, 0, 30, 6, 2, 0, 8, 0, 30, 0, 9, 0, 9, 2, 30, 9, 0, 0, 9, 0, 30, 2, 4, 0, 6, 1, -15, 3, 1, 1039]","[0, -1, 20, 6, 30, 15, 2, 0, 9, 15, 30, 10, 7, 0, 12, 4, 30, 9, 7, 0, 13, 7, 30, 2, 13, 0, 9, 14, 30, 5, 4, 0, 0, 1, -27, 3, 0, 1219]",443.8171670436859
"[2, 4, 34, 1, 30, 9, 0, 0, 9, 0, 30, 6, 2, 0, 8, 0, 30, 0, 9, 0, 9, 2, 30, 9, 0, 0, 9, 0, 30, 2, 4, 0, 6, 1, -15, 3, 1, 1039]","[2, 1, 11, 0, 30, 4, 3, 0, 15, 0, 30, 5, 3, 0, 4, 1, 30, 2, 14, 0, 11, 6, 30, 11, 0, 0, 3, 16, 30, 3, 2, 0, 4, 1, -15, 3, 0, 899]",443.8171670436859
"[2, 4, 34, 1, 30, 9, 0, 0, 9, 0, 30, 6, 2, 0, 8, 0, 30, 0, 9, 0, 9, 2, 30, 9, 0, 0, 9, 0, 30, 2, 4, 0, 6, 1, -15, 3, 1, 1039]","[1, 3, 1, 5, 30, 6, 6, 0, 6, 17, 30, 3, 4, 0, 8, 5, 30, 4, 12, 0, 7, 9, 30, 8, 2, 0, 10, 2, 30, 4, 5, 0, 1, 0, -15, 3, 1, 599]",443.8171670436859
"[2, 0, 39, 0, 30, 0, 4, 0, 4, 5, 30, 2, 0, 0, 2, 0, 30, 1, 3, 0, 4, 0, 30, 1, 3, 0, 4, 14, 30, 1, 0, 0, 1, 1, -15, 3, 1, 1179]","[1, 2, 9, 8, 30, 5, 6, 0, 6, 13, 30, 7, 2, 0, 8, 5, 30, 0, 2, 0, 2, 11, 30, 12, 2, 0, 12, 15, 30, 6, 5, 0, 1, 1, -27, 3, 1, 279]",445.19305300712585
"[2, 0, 39, 0, 30, 0, 4, 0, 4, 5, 30, 2, 0, 0, 2, 0, 30, 1, 3, 0, 4, 0, 30, 1, 3, 0, 4, 14, 30, 1, 0, 0, 1, 1, -15, 3, 1, 1179]","[0, 1, 15, 7, 30, 15, 3, 0, 15, 11, 30, 4, 5, 0, 6, 2, 30, 6, 3, 0, 15, 9, 30, 5, 0, 0, 15, 5, 30, 4, 7, 0, 8, 0, -27, 3, 0, 999]",445.19305300712585
"[2, 0, 39, 0, 30, 0, 4, 0, 4, 5, 30, 2, 0, 0, 2, 0, 30, 1, 3, 0, 4, 0, 30, 1, 3, 0, 4, 14, 30, 1, 0, 0, 1, 1, -15, 3, 1, 1179]","[2, 3, 32, 0, 30, 3, 8, 0, 7, 15, 30, 10, 3, 0, 12, 4, 30, 2, 6, 0, 3, 8, 30, 7, 3, 0, 10, 13, 30, 0, 0, 0, 0, 1, -15, 3, 1, 659]",445.19305300712585
"[2, 2, 7, 0, 30, 3, 6, 0, 9, 7, 30, 4, 0, 0, 4, 0, 30, 3, 6, 0, 9, 2, 30, 6, 3, 0, 9, 5, 30, 6, 0, 0, 6, 0, -27, 3, 0, 239]","[0, 3, 16, 6, 30, 5, 2, 0, 13, 13, 30, 2, 0, 0, 8, 1, 30, 5, 13, 0, 13, 6, 30, 13, 7, 0, 12, 16, 30, 7, 1, 0, 3, 0, -27, 3, 0, 1279]",439.32479095458984
"[2, 2, 7, 0, 30, 3, 6, 0, 9, 7, 30, 4, 0, 0, 4, 0, 30, 3, 6, 0, 9, 2, 30, 6, 3, 0, 9, 5, 30, 6, 0, 0, 6, 0, -27, 3, 0, 239]","[1, 2, 38, 7, 30, 9, 0, 0, 10, 6, 30, 1, 7, 0, 0, 2, 30, 10, 3, 0, 9, 11, 30, 11, 10, 0, 7, 0, 30, 1, 4, 0, 0, 1, -15, 3, 1, 239]",439.32479095458984
"[2, 2, 7, 0, 30, 3, 6, 0, 9, 7, 30, 4, 0, 0, 4, 0, 30, 3, 6, 0, 9, 2, 30, 6, 3, 0, 9, 5, 30, 6, 0, 0, 6, 0, -27, 3, 0, 239]","[2, -1, 20, 8, 30, 12, 11, 0, 4, 15, 30, 8, 1, 0, 10, 5, 30, 4, 4, 0, 3, 4, 30, 1, 3, 0, 3, 21, 30, 2, 0, 0, 6, 0, -15, 3, 1, 339]",439.32479095458984
"[2, 3, 9, 2, 30, 10, 1, 0, 11, 0, 30, 6, 0, 0, 6, 1, 30, 3, 8, 0, 11, 4, 30, 11, 0, 0, 11, 1, 30, 3, 1, 0, 4, 0, -27, 3, 0, 299]","[2, 0, 35, 2, 30, 3, 11, 0, 5, 10, 30, 1, 4, 0, 6, 1, 30, 9, 2, 0, 14, 5, 30, 3, 9, 0, 6, 13, 30, 0, 7, 0, 5, 0, -27, 3, 0, 1279]",444.98214650154114
"[2, 3, 9, 2, 30, 10, 1, 0, 11, 0, 30, 6, 0, 0, 6, 1, 30, 3, 8, 0, 11, 4, 30, 11, 0, 0, 11, 1, 30, 3, 1, 0, 4, 0, -27, 3, 0, 299]","[0, 4, 31, 0, 30, 1, 10, 0, 15, 5, 30, 2, 0, 0, 10, 2, 30, 3, 7, 0, 12, 7, 30, 10, 1, 0, 10, 12, 30, 1, 3, 0, 1, 1, -15, 3, 1, 1259]",444.98214650154114
"[2, 3, 9, 2, 30, 10, 1, 0, 11, 0, 30, 6, 0, 0, 6, 1, 30, 3, 8, 0, 11, 4, 30, 11, 0, 0, 11, 1, 30, 3, 1, 0, 4, 0, -27, 3, 0, 299]","[1, 1, 25, 5, 30, 12, 7, 0, 3, 0, 30, 8, 2, 0, 2, 5, 30, 4, 1, 0, 7, 0, 30, 8, 3, 0, 15, 9, 30, 7, 4, 0, 9, 1, -15, 3, 1, 479]",444.98214650154114
"[2, 4, 26, 7, 30, 9, 0, 0, 9, 0, 30, 1, 3, 0, 4, 1, 30, 0, 9, 0, 9, 1, 30, 7, 2, 0, 9, 2, 30, 1, 2, 0, 3, 1, -15, 3, 1, 799]","[2, 0, 45, 0, 30, 13, 7, 0, 4, 15, 30, 5, 2, 0, 8, 0, 30, 7, 7, 0, 10, 3, 30, 0, 5, 0, 7, 5, 30, 4, 3, 0, 1, 1, -15, 3, 1, 59]",437.94934368133545
"[2, 4, 26, 7, 30, 9, 0, 0, 9, 0, 30, 1, 3, 0, 4, 1, 30, 0, 9, 0, 9, 1, 30, 7, 2, 0, 9, 2, 30, 1, 2, 0, 3, 1, -15, 3, 1, 799]","[0, 3, 5, 7, 30, 0, 10, 0, 13, 4, 30, 2, 1, 0, 6, 1, 30, 10, 8, 0, 4, 14, 30, 3, 11, 0, 8, 16, 30, 5, 0, 0, 4, 0, -27, 3, 0, 999]",437.94934368133545
"[2, 4, 26, 7, 30, 9, 0, 0, 9, 0, 30, 1, 3, 0, 4, 1, 30, 0, 9, 0, 9, 1, 30, 7, 2, 0, 9, 2, 30, 1, 2, 0, 3, 1, -15, 3, 1, 799]","[1, 4, 19, 2, 30, 14, 1, 0, 7, 19, 30, 1, 3, 0, 4, 4, 30, 0, 5, 0, 11, 0, 30, 9, 1, 0, 4, 17, 30, 1, 2, 0, 9, 0, -15, 3, 1, 1019]",437.94934368133545
"[2, 3, 13, 4, 30, 3, 0, 0, 3, 0, 30, 2, 0, 0, 2, 0, 30, 2, 1, 0, 3, 3, 30, 3, 0, 0, 3, 0, 30, 2, 0, 0, 2, 1, -15, 3, 1, 399]","[0, 3, 24, 1, 30, 5, 7, 0, 14, 17, 30, 3, 5, 0, 12, 2, 30, 1, 5, 0, 7, 10, 30, 0, 7, 0, 3, 11, 30, 3, 6, 0, 4, 0, -27, 3, 0, 39]",454.4878363609314
"[2, 3, 13, 4, 30, 3, 0, 0, 3, 0, 30, 2, 0, 0, 2, 0, 30, 2, 1, 0, 3, 3, 30, 3, 0, 0, 3, 0, 30, 2, 0, 0, 2, 1, -15, 3, 1, 399]","[1, 0, 42, 3, 30, 10, 0, 0, 9, 21, 30, 0, 2, 0, 0, 5, 30, 0, 12, 0, 12, 1, 30, 9, 1, 0, 2, 22, 30, 4, 2, 0, 9, 1, -27, 3, 1, 1299]",454.4878363609314
"[2, 3, 13, 4, 30, 3, 0, 0, 3, 0, 30, 2, 0, 0, 2, 0, 30, 2, 1, 0, 3, 3, 30, 3, 0, 0, 3, 0, 30, 2, 0, 0, 2, 1, -15, 3, 1, 399]","[2, 2, 14, 2, 30, 13, 5, 0, 7, 14, 30, 8, 0, 0, 10, 0, 30, 9, 2, 0, 5, 0, 30, 2, 5, 0, 13, 4, 30, 2, 7, 0, 2, 1, -15, 3, 1, 999]",454.4878363609314
"[2, 4, 29, 1, 30, 2, 3, 0, 5, 0, 30, 4, 4, 0, 8, 0, 30, 1, 4, 0, 5, 3, 30, 3, 2, 0, 5, 0, 30, 2, 2, 0, 4, 1, -15, 3, 1, 879]","[2, 4, 10, 8, 30, 12, 3, 0, 2, 17, 30, 7, 0, 0, 2, 0, 30, 2, 2, 0, 7, 7, 30, 11, 5, 0, 8, 16, 30, 4, 3, 0, 0, 0, -27, 3, 0, 1279]",439.1032338142395
"[2, 4, 29, 1, 30, 2, 3, 0, 5, 0, 30, 4, 4, 0, 8, 0, 30, 1, 4, 0, 5, 3, 30, 3, 2, 0, 5, 0, 30, 2, 2, 0, 4, 1, -15, 3, 1, 879]","[0, 0, 39, 2, 30, 0, 6, 0, 8, 21, 30, 10, 3, 0, 6, 3, 30, 6, 13, 0, 12, 0, 30, 0, 9, 0, 10, 12, 30, 2, 2, 0, 6, 0, -15, 3, 1, 719]",439.1032338142395
"[2, 4, 29, 1, 30, 2, 3, 0, 5, 0, 30, 4, 4, 0, 8, 0, 30, 1, 4, 0, 5, 3, 30, 3, 2, 0, 5, 0, 30, 2, 2, 0, 4, 1, -15, 3, 1, 879]","[1, 1, 26, 4, 30, 2, 2, 0, 10, 3, 30, 6, 1, 0, 0, 5, 30, 10, 11, 0, 9, 14, 30, 9, 6, 0, 7, 2, 30, 5, 0, 0, 7, 1, -15, 3, 1, 79]",439.1032338142395
"[2, 3, 35, 3, 30, 4, 0, 0, 4, 6, 30, 0, 0, 0, 0, 0, 30, 0, 4, 0, 4, 0, 30, 4, 0, 0, 4, 0, 30, 1, 2, 0, 3, 1, -15, 3, 1, 1059]","[0, 2, 16, 5, 30, 2, 5, 0, 5, 6, 30, 0, 7, 0, 0, 3, 30, 10, 3, 0, 3, 4, 30, 8, 6, 0, 14, 18, 30, 2, 4, 0, 4, 0, -27, 3, 0, 39]",441.6546199321747
"[2, 3, 35, 3, 30, 4, 0, 0, 4, 6, 30, 0, 0, 0, 0, 0, 30, 0, 4, 0, 4, 0, 30, 4, 0, 0, 4, 0, 30, 1, 2, 0, 3, 1, -15, 3, 1, 1059]","[1, 1, 37, 6, 30, 1, 0, 0, 4, 3, 30, 3, 5, 0, 2, 0, 30, 4, 7, 0, 15, 3, 30, 0, 5, 0, 11, 20, 30, 5, 1, 0, 1, 1, -27, 3, 1, 899]",441.6546199321747
"[2, 3, 35, 3, 30, 4, 0, 0, 4, 6, 30, 0, 0, 0, 0, 0, 30, 0, 4, 0, 4, 0, 30, 4, 0, 0, 4, 0, 30, 1, 2, 0, 3, 1, -15, 3, 1, 1059]","[2, 0, 8, 8, 30, 0, 6, 0, 6, 1, 30, 10, 1, 0, 12, 1, 30, 8, 0, 0, 10, 14, 30, 5, 8, 0, 4, 8, 30, 6, 0, 0, 9, 1, -15, 3, 1, 1039]",441.6546199321747
"[2, 3, 12, 0, 30, 6, 1, 0, 7, 4, 30, 3, 3, 0, 6, 0, 30, 1, 6, 0, 7, 3, 30, 7, 0, 0, 7, 1, 30, 3, 0, 0, 3, 1, -15, 3, 1, 379]","[2, 1, 10, 2, 30, 6, 6, 0, 4, 17, 30, 2, 4, 0, 2, 3, 30, 3, 14, 0, 3, 4, 30, 1, 1, 0, 11, 20, 30, 2, 6, 0, 5, 1, -27, 3, 0, 359]",438.5360460281372
"[2, 3, 12, 0, 30, 6, 1, 0, 7, 4, 30, 3, 3, 0, 6, 0, 30, 1, 6, 0, 7, 3, 30, 7, 0, 0, 7, 1, 30, 3, 0, 0, 3, 1, -15, 3, 1, 379]","[0, 3, 42, 4, 30, 2, 9, 0, 10, 19, 30, 10, 3, 0, 0, 1, 30, 0, 2, 0, 4, 3, 30, 10, 0, 0, 4, 3, 30, 4, 0, 0, 4, 1, -15, 3, 1, 39]",438.5360460281372
"[2, 3, 12, 0, 30, 6, 1, 0, 7, 4, 30, 3, 3, 0, 6, 0, 30, 1, 6, 0, 7, 3, 30, 7, 0, 0, 7, 1, 30, 3, 0, 0, 3, 1, -15, 3, 1, 379]","[1, 0, 37, 1, 30, 9, 1, 0, 2, 18, 30, 8, 7, 0, 8, 0, 30, 8, 1, 0, 2, 7, 30, 14, 2, 0, 3, 9, 30, 3, 3, 0, 9, 0, -15, 3, 1, 1119]",438.5360460281372
"[2, 3, 27, 4, 30, 5, 0, 0, 5, 0, 30, 0, 0, 0, 0, 0, 30, 1, 4, 0, 5, 0, 30, 2, 3, 0, 5, 0, 30, 1, 3, 0, 4, 1, -15, 3, 1, 819]","[2, 2, 41, 5, 30, 12, 9, 0, 6, 10, 30, 1, 4, 0, 2, 3, 30, 8, 2, 0, 15, 7, 30, 3, 3, 0, 8, 6, 30, 5, 0, 0, 6, 1, -15, 3, 0, 1299]",442.8380606174469
"[2, 3, 27, 4, 30, 5, 0, 0, 5, 0, 30, 0, 0, 0, 0, 0, 30, 1, 4, 0, 5, 0, 30, 2, 3, 0, 5, 0, 30, 1, 3, 0, 4, 1, -15, 3, 1, 819]","[1, 1, 25, 0, 30, 3, 6, 0, 8, 7, 30, 2, 3, 0, 12, 2, 30, 2, 3, 0, 7, 3, 30, 6, 12, 0, 13, 10, 30, 7, 7, 0, 9, 1, -27, 3, 1, 1399]",442.8380606174469
"[2, 3, 27, 4, 30, 5, 0, 0, 5, 0, 30, 0, 0, 0, 0, 0, 30, 1, 4, 0, 5, 0, 30, 2, 3, 0, 5, 0, 30, 1, 3, 0, 4, 1, -15, 3, 1, 819]","[0, 3, 44, 6, 30, 15, 5, 0, 12, 6, 30, 6, 1, 0, 8, 4, 30, 5, 9, 0, 12, 0, 30, 12, 9, 0, 7, 12, 30, 3, 1, 0, 3, 0, -15, 3, 1, 899]",442.8380606174469
"[2, 0, 5, 0, 30, 0, 5, 0, 5, 3, 30, 0, 4, 0, 4, 0, 30, 0, 5, 0, 5, 1, 30, 2, 3, 0, 5, 0, 30, 0, 2, 0, 2, 0, -27, 3, 0, 159]","[2, 1, 20, 6, 30, 2, 3, 0, 6, 9, 30, 4, 3, 0, 10, 0, 30, 5, 4, 0, 15, 1, 30, 2, 0, 0, 9, 4, 30, 3, 7, 0, 1, 1, -27, 3, 0, 1439]",436.81141328811646
"[2, 0, 5, 0, 30, 0, 5, 0, 5, 3, 30, 0, 4, 0, 4, 0, 30, 0, 5, 0, 5, 1, 30, 2, 3, 0, 5, 0, 30, 0, 2, 0, 2, 0, -27, 3, 0, 159]","[1, 4, 7, 3, 30, 8, 7, 0, 12, 21, 30, 6, 2, 0, 2, 3, 30, 10, 13, 0, 2, 3, 30, 12, 8, 0, 5, 22, 30, 4, 3, 0, 7, 1, -15, 3, 0, 1299]",436.81141328811646
"[2, 0, 5, 0, 30, 0, 5, 0, 5, 3, 30, 0, 4, 0, 4, 0, 30, 0, 5, 0, 5, 1, 30, 2, 3, 0, 5, 0, 30, 0, 2, 0, 2, 0, -27, 3, 0, 159]","[0, -1, 22, 0, 30, 4, 9, 0, 5, 20, 30, 10, 1, 0, 4, 2, 30, 8, 6, 0, 7, 0, 30, 3, 3, 0, 3, 17, 30, 0, 5, 0, 3, 0, -15, 3, 1, 1099]",436.81141328811646
"[2, 3, 3, 3, 30, 5, 6, 0, 11, 0, 30, 8, 0, 0, 8, 2, 30, 10, 1, 0, 11, 0, 30, 4, 7, 0, 11, 1, 30, 2, 5, 0, 7, 0, -27, 3, 0, 119]","[2, 4, 26, 0, 30, 14, 4, 0, 15, 19, 30, 4, 7, 0, 4, 1, 30, 7, 0, 0, 4, 2, 30, 5, 11, 0, 13, 9, 30, 4, 1, 0, 5, 1, -15, 3, 1, 1179]",443.7341613769531
"[2, 3, 3, 3, 30, 5, 6, 0, 11, 0, 30, 8, 0, 0, 8, 2, 30, 10, 1, 0, 11, 0, 30, 4, 7, 0, 11, 1, 30, 2, 5, 0, 7, 0, -27, 3, 0, 119]","[0, 1, 33, 6, 30, 1, 8, 0, 3, 12, 30, 6, 4, 0, 10, 2, 30, 2, 1, 0, 12, 4, 30, 3, 5, 0, 4, 0, 30, 0, 2, 0, 0, 0, -27, 3, 0, 319]",443.7341613769531
"[2, 3, 3, 3, 30, 5, 6, 0, 11, 0, 30, 8, 0, 0, 8, 2, 30, 10, 1, 0, 11, 0, 30, 4, 7, 0, 11, 1, 30, 2, 5, 0, 7, 0, -27, 3, 0, 119]","[1, -1, 17, 3, 30, 8, 7, 0, 10, 7, 30, 7, 0, 0, 12, 0, 30, 9, 12, 0, 14, 0, 30, 10, 13, 0, 6, 8, 30, 6, 6, 0, 6, 0, -15, 3, 0, 1339]",443.7341613769531
"[2, 4, 31, 1, 30, 1, 3, 0, 4, 0, 30, 4, 0, 0, 4, 0, 30, 1, 3, 0, 4, 5, 30, 4, 0, 0, 4, 0, 30, 0, 3, 0, 3, 1, -15, 3, 1, 939]","[2, 3, 47, 2, 30, 5, 9, 0, 5, 15, 30, 6, 5, 0, 6, 4, 30, 8, 11, 0, 6, 14, 30, 7, 7, 0, 14, 13, 30, 4, 3, 0, 5, 0, -15, 3, 0, 219]",437.2377414703369
"[2, 4, 31, 1, 30, 1, 3, 0, 4, 0, 30, 4, 0, 0, 4, 0, 30, 1, 3, 0, 4, 5, 30, 4, 0, 0, 4, 0, 30, 0, 3, 0, 3, 1, -15, 3, 1, 939]","[0, 1, 28, 4, 30, 8, 7, 0, 3, 4, 30, 4, 1, 0, 10, 5, 30, 5, 0, 0, 8, 11, 30, 5, 11, 0, 3, 12, 30, 2, 0, 0, 2, 1, -15, 3, 0, 1239]",437.2377414703369
"[2, 4, 31, 1, 30, 1, 3, 0, 4, 0, 30, 4, 0, 0, 4, 0, 30, 1, 3, 0, 4, 5, 30, 4, 0, 0, 4, 0, 30, 0, 3, 0, 3, 1, -15, 3, 1, 939]","[1, 2, 15, 0, 30, 9, 8, 0, 9, 22, 30, 2, 3, 0, 12, 2, 30, 2, 6, 0, 3, 7, 30, 3, 2, 0, 6, 3, 30, 1, 4, 0, 7, 1, -27, 3, 1, 339]",437.2377414703369
"[2, 3, 9, 2, 30, 10, 1, 0, 11, 0, 30, 6, 0, 0, 6, 1, 30, 5, 6, 0, 11, 4, 30, 11, 0, 0, 11, 0, 30, 3, 1, 0, 4, 0, -27, 3, 0, 299]","[2, 2, 35, 0, 30, 11, 3, 0, 2, 19, 30, 4, 5, 0, 2, 0, 30, 4, 10, 0, 11, 8, 30, 3, 3, 0, 9, 3, 30, 4, 6, 0, 0, 1, -15, 3, 0, 1439]",444.82708191871643
"[2, 3, 9, 2, 30, 10, 1, 0, 11, 0, 30, 6, 0, 0, 6, 1, 30, 5, 6, 0, 11, 4, 30, 11, 0, 0, 11, 0, 30, 3, 1, 0, 4, 0, -27, 3, 0, 299]","[0, 4, 42, 7, 30, 10, 10, 0, 3, 12, 30, 10, 1, 0, 0, 1, 30, 7, 10, 0, 12, 1, 30, 8, 13, 0, 8, 6, 30, 0, 7, 0, 8, 0, -15, 3, 1, 799]",444.82708191871643
"[2, 3, 9, 2, 30, 10, 1, 0, 11, 0, 30, 6, 0, 0, 6, 1, 30, 5, 6, 0, 11, 4, 30, 11, 0, 0, 11, 0, 30, 3, 1, 0, 4, 0, -27, 3, 0, 299]","[1, -1, 37, 4, 30, 6, 5, 0, 13, 22, 30, 8, 3, 0, 6, 5, 30, 3, 8, 0, 3, 10, 30, 5, 0, 0, 15, 24, 30, 6, 4, 0, 2, 0, -27, 3, 1, 1059]",444.82708191871643
"[2, 1, 19, 1, 30, 7, 6, 0, 13, 1, 30, 3, 5, 0, 8, 0, 30, 4, 9, 0, 13, 5, 30, 7, 6, 0, 13, 0, 30, 6, 3, 0, 9, 1, -15, 3, 1, 599]","[0, -1, 33, 8, 30, 2, 5, 0, 7, 20, 30, 7, 5, 0, 4, 4, 30, 9, 10, 0, 15, 5, 30, 1, 4, 0, 8, 15, 30, 4, 4, 0, 0, 1, -15, 3, 1, 79]",440.5145103931427
"[2, 1, 19, 1, 30, 7, 6, 0, 13, 1, 30, 3, 5, 0, 8, 0, 30, 4, 9, 0, 13, 5, 30, 7, 6, 0, 13, 0, 30, 6, 3, 0, 9, 1, -15, 3, 1, 599]","[1, 2, 21, 3, 30, 3, 14, 0, 9, 1, 30, 4, 3, 0, 12, 3, 30, 3, 9, 0, 12, 2, 30, 4, 2, 0, 2, 14, 30, 5, 1, 0, 8, 1, -15, 3, 0, 1239]",440.5145103931427
"[2, 1, 19, 1, 30, 7, 6, 0, 13, 1, 30, 3, 5, 0, 8, 0, 30, 4, 9, 0, 13, 5, 30, 7, 6, 0, 13, 0, 30, 6, 3, 0, 9, 1, -15, 3, 1, 599]","[2, 4, 11, 4, 30, 15, 8, 0, 15, 10, 30, 1, 4, 0, 6, 1, 30, 5, 13, 0, 11, 7, 30, 5, 12, 0, 3, 12, 30, 7, 5, 0, 7, 0, -27, 3, 1, 399]",440.5145103931427
"[2, 4, 21, 3, 30, 9, 1, 0, 10, 0, 30, 6, 0, 0, 6, 1, 30, 3, 7, 0, 10, 5, 30, 6, 4, 0, 10, 0, 30, 3, 1, 0, 4, 1, -15, 3, 1, 659]","[0, 2, 16, 7, 30, 1, 8, 0, 10, 10, 30, 8, 0, 0, 8, 2, 30, 3, 11, 0, 9, 2, 30, 9, 12, 0, 9, 9, 30, 7, 1, 0, 7, 0, -15, 3, 1, 1399]",440.4900870323181
"[2, 4, 21, 3, 30, 9, 1, 0, 10, 0, 30, 6, 0, 0, 6, 1, 30, 3, 7, 0, 10, 5, 30, 6, 4, 0, 10, 0, 30, 3, 1, 0, 4, 1, -15, 3, 1, 659]","[2, 3, 37, 5, 30, 5, 1, 0, 8, 20, 30, 0, 7, 0, 10, 3, 30, 5, 14, 0, 3, 10, 30, 5, 9, 0, 6, 2, 30, 4, 2, 0, 8, 1, -27, 3, 1, 499]",440.4900870323181
"[2, 4, 21, 3, 30, 9, 1, 0, 10, 0, 30, 6, 0, 0, 6, 1, 30, 3, 7, 0, 10, 5, 30, 6, 4, 0, 10, 0, 30, 3, 1, 0, 4, 1, -15, 3, 1, 659]","[1, 0, 38, 6, 30, 7, 2, 0, 3, 13, 30, 1, 3, 0, 6, 4, 30, 8, 8, 0, 10, 5, 30, 13, 6, 0, 3, 7, 30, 0, 7, 0, 3, 0, -27, 3, 0, 1379]",440.4900870323181
"[2, 1, 22, 2, 30, 8, 0, 0, 8, 4, 30, 2, 0, 0, 2, 0, 30, 5, 3, 0, 8, 3, 30, 8, 0, 0, 8, 1, 30, 1, 3, 0, 4, 1, -15, 3, 1, 679]","[0, -1, 23, 4, 30, 7, 1, 0, 11, 6, 30, 8, 3, 0, 8, 0, 30, 0, 2, 0, 13, 5, 30, 14, 4, 0, 2, 24, 30, 6, 7, 0, 0, 1, -27, 3, 1, 1439]",443.0888981819153
"[2, 1, 22, 2, 30, 8, 0, 0, 8, 4, 30, 2, 0, 0, 2, 0, 30, 5, 3, 0, 8, 3, 30, 8, 0, 0, 8, 1, 30, 1, 3, 0, 4, 1, -15, 3, 1, 679]","[2, 0, 46, 1, 30, 13, 3, 0, 13, 8, 30, 10, 7, 0, 6, 4, 30, 10, 14, 0, 5, 0, 30, 13, 13, 0, 3, 13, 30, 4, 2, 0, 5, 1, -15, 3, 1, 79]",443.0888981819153
"[2, 1, 22, 2, 30, 8, 0, 0, 8, 4, 30, 2, 0, 0, 2, 0, 30, 5, 3, 0, 8, 3, 30, 8, 0, 0, 8, 1, 30, 1, 3, 0, 4, 1, -15, 3, 1, 679]","[1, 2, 39, 7, 30, 11, 5, 0, 2, 1, 30, 4, 4, 0, 12, 1, 30, 9, 6, 0, 10, 7, 30, 3, 10, 0, 7, 18, 30, 1, 0, 0, 1, 0, -15, 3, 0, 1399]",443.0888981819153
"[2, 1, 4, 3, 30, 8, 0, 0, 8, 1, 30, 2, 2, 0, 4, 0, 30, 7, 1, 0, 8, 2, 30, 0, 8, 0, 8, 1, 30, 4, 0, 0, 4, 0, -27, 3, 0, 139]","[2, 4, 28, 4, 30, 14, 3, 0, 4, 24, 30, 4, 2, 0, 0, 3, 30, 7, 7, 0, 7, 7, 30, 14, 0, 0, 4, 0, 30, 0, 1, 0, 2, 0, -15, 3, 1, 1279]",436.91079473495483
"[2, 1, 4, 3, 30, 8, 0, 0, 8, 1, 30, 2, 2, 0, 4, 0, 30, 7, 1, 0, 8, 2, 30, 0, 8, 0, 8, 1, 30, 4, 0, 0, 4, 0, -27, 3, 0, 139]","[0, 1, 27, 3, 30, 9, 11, 0, 7, 8, 30, 1, 4, 0, 8, 2, 30, 5, 1, 0, 8, 3, 30, 11, 7, 0, 6, 12, 30, 5, 4, 0, 3, 1, -27, 3, 1, 1239]",436.91079473495483
"[2, 1, 4, 3, 30, 8, 0, 0, 8, 1, 30, 2, 2, 0, 4, 0, 30, 7, 1, 0, 8, 2, 30, 0, 8, 0, 8, 1, 30, 4, 0, 0, 4, 0, -27, 3, 0, 139]","[1, 3, 3, 1, 30, 11, 0, 0, 6, 26, 30, 10, 5, 0, 4, 1, 30, 4, 14, 0, 4, 1, 30, 0, 6, 0, 5, 11, 30, 3, 6, 0, 4, 0, -27, 3, 0, 259]",436.91079473495483
"[2, 0, 33, 2, 30, 3, 0, 0, 3, 7, 30, 2, 0, 0, 2, 0, 30, 0, 3, 0, 3, 1, 30, 2, 1, 0, 3, 0, 30, 1, 1, 0, 2, 1, -15, 3, 1, 999]","[0, 2, 5, 7, 30, 3, 0, 0, 4, 6, 30, 1, 3, 0, 4, 5, 30, 1, 4, 0, 2, 10, 30, 3, 3, 0, 7, 8, 30, 6, 3, 0, 5, 1, -15, 3, 1, 1359]",439.206476688385
"[2, 0, 33, 2, 30, 3, 0, 0, 3, 7, 30, 2, 0, 0, 2, 0, 30, 0, 3, 0, 3, 1, 30, 2, 1, 0, 3, 0, 30, 1, 1, 0, 2, 1, -15, 3, 1, 999]","[1, 1, 21, 6, 30, 6, 5, 0, 10, 23, 30, 0, 4, 0, 10, 3, 30, 4, 0, 0, 3, 0, 30, 2, 6, 0, 9, 5, 30, 1, 7, 0, 0, 1, -27, 3, 0, 279]",439.206476688385
"[2, 0, 33, 2, 30, 3, 0, 0, 3, 7, 30, 2, 0, 0, 2, 0, 30, 0, 3, 0, 3, 1, 30, 2, 1, 0, 3, 0, 30, 1, 1, 0, 2, 1, -15, 3, 1, 999]","[2, 4, 16, 3, 30, 4, 4, 0, 6, 17, 30, 10, 0, 0, 2, 2, 30, 0, 6, 0, 5, 3, 30, 4, 4, 0, 12, 7, 30, 2, 2, 0, 1, 0, -15, 3, 0, 179]",439.206476688385
"[2, 2, 6, 0, 30, 7, 2, 0, 9, 2, 30, 2, 0, 0, 2, 0, 30, 2, 7, 0, 9, 3, 30, 5, 4, 0, 9, 2, 30, 5, 0, 0, 5, 0, -27, 3, 0, 199]","[1, 4, 21, 3, 30, 5, 8, 0, 5, 2, 30, 0, 3, 0, 4, 0, 30, 1, 4, 0, 5, 10, 30, 13, 2, 0, 4, 0, 30, 6, 3, 0, 5, 0, -15, 3, 1, 1279]",437.8059320449829
"[2, 2, 6, 0, 30, 7, 2, 0, 9, 2, 30, 2, 0, 0, 2, 0, 30, 2, 7, 0, 9, 3, 30, 5, 4, 0, 9, 2, 30, 5, 0, 0, 5, 0, -27, 3, 0, 199]","[2, 3, 4, 4, 30, 15, 2, 0, 8, 13, 30, 3, 0, 0, 6, 1, 30, 8, 7, 0, 8, 14, 30, 10, 6, 0, 13, 1, 30, 0, 2, 0, 4, 0, -27, 3, 0, 299]",437.8059320449829
"[2, 2, 6, 0, 30, 7, 2, 0, 9, 2, 30, 2, 0, 0, 2, 0, 30, 2, 7, 0, 9, 3, 30, 5, 4, 0, 9, 2, 30, 5, 0, 0, 5, 0, -27, 3, 0, 199]","[0, 1, 35, 1, 30, 0, 3, 0, 14, 21, 30, 1, 1, 0, 12, 5, 30, 0, 1, 0, 15, 5, 30, 0, 0, 0, 12, 4, 30, 4, 4, 0, 8, 1, -27, 3, 1, 99]",437.8059320449829
"[2, 0, 4, 2, 30, 8, 0, 0, 8, 3, 30, 2, 2, 0, 4, 0, 30, 8, 0, 0, 8, 0, 30, 0, 8, 0, 8, 2, 30, 4, 0, 0, 4, 0, -27, 3, 0, 139]","[2, -1, 1, 2, 30, 3, 11, 0, 9, 18, 30, 5, 1, 0, 12, 3, 30, 2, 6, 0, 3, 5, 30, 5, 4, 0, 6, 2, 30, 5, 0, 0, 2, 0, -27, 3, 0, 119]",437.4422767162323
"[2, 0, 4, 2, 30, 8, 0, 0, 8, 3, 30, 2, 2, 0, 4, 0, 30, 8, 0, 0, 8, 0, 30, 0, 8, 0, 8, 2, 30, 4, 0, 0, 4, 0, -27, 3, 0, 139]","[0, 3, 13, 8, 30, 15, 7, 0, 13, 13, 30, 2, 5, 0, 8, 2, 30, 8, 9, 0, 9, 11, 30, 1, 11, 0, 3, 9, 30, 1, 3, 0, 9, 0, -15, 3, 1, 399]",437.4422767162323
"[2, 0, 4, 2, 30, 8, 0, 0, 8, 3, 30, 2, 2, 0, 4, 0, 30, 8, 0, 0, 8, 0, 30, 0, 8, 0, 8, 2, 30, 4, 0, 0, 4, 0, -27, 3, 0, 139]","[1, 1, 29, 6, 30, 0, 2, 0, 12, 19, 30, 10, 3, 0, 4, 1, 30, 7, 3, 0, 10, 4, 30, 12, 13, 0, 11, 24, 30, 6, 2, 0, 0, 1, -15, 3, 1, 259]",437.4422767162323
"[2, 0, 12, 1, 30, 7, 0, 0, 7, 7, 30, 3, 3, 0, 6, 0, 30, 1, 6, 0, 7, 1, 30, 7, 0, 0, 7, 1, 30, 1, 2, 0, 3, 1, -15, 3, 1, 379]","[2, 0, 9, 4, 30, 8, 3, 0, 3, 24, 30, 6, 3, 0, 8, 0, 30, 9, 2, 0, 11, 11, 30, 14, 12, 0, 3, 6, 30, 6, 7, 0, 6, 0, -15, 3, 1, 1239]",438.0769884586334
"[2, 0, 12, 1, 30, 7, 0, 0, 7, 7, 30, 3, 3, 0, 6, 0, 30, 1, 6, 0, 7, 1, 30, 7, 0, 0, 7, 1, 30, 1, 2, 0, 3, 1, -15, 3, 1, 379]","[0, 4, 25, 0, 30, 13, 5, 0, 10, 8, 30, 2, 2, 0, 4, 1, 30, 8, 9, 0, 5, 6, 30, 9, 0, 0, 2, 1, 30, 4, 2, 0, 0, 1, -15, 3, 0, 759]",438.0769884586334
"[2, 0, 12, 1, 30, 7, 0, 0, 7, 7, 30, 3, 3, 0, 6, 0, 30, 1, 6, 0, 7, 1, 30, 7, 0, 0, 7, 1, 30, 1, 2, 0, 3, 1, -15, 3, 1, 379]","[1, -1, 14, 2, 30, 10, 8, 0, 12, 19, 30, 10, 7, 0, 12, 2, 30, 3, 6, 0, 6, 7, 30, 8, 6, 0, 6, 20, 30, 5, 0, 0, 7, 0, -27, 3, 0, 159]",438.0769884586334
"[2, 2, 8, 2, 30, 7, 0, 0, 7, 6, 30, 2, 0, 0, 2, 0, 30, 3, 4, 0, 7, 6, 30, 7, 0, 0, 7, 4, 30, 3, 0, 0, 3, 0, -27, 3, 0, 259]","[2, 1, 9, 0, 30, 5, 3, 0, 10, 8, 30, 4, 2, 0, 4, 1, 30, 7, 0, 0, 6, 14, 30, 6, 12, 0, 14, 21, 30, 6, 1, 0, 6, 0, -27, 3, 0, 119]",439.37029576301575
"[2, 2, 8, 2, 30, 7, 0, 0, 7, 6, 30, 2, 0, 0, 2, 0, 30, 3, 4, 0, 7, 6, 30, 7, 0, 0, 7, 4, 30, 3, 0, 0, 3, 0, -27, 3, 0, 259]","[1, 0, 19, 2, 30, 15, 2, 0, 2, 1, 30, 0, 3, 0, 6, 0, 30, 0, 11, 0, 8, 2, 30, 5, 8, 0, 15, 12, 30, 2, 2, 0, 8, 1, -15, 3, 1, 919]",439.37029576301575
"[2, 2, 8, 2, 30, 7, 0, 0, 7, 6, 30, 2, 0, 0, 2, 0, 30, 3, 4, 0, 7, 6, 30, 7, 0, 0, 7, 4, 30, 3, 0, 0, 3, 0, -27, 3, 0, 259]","[0, 2, 14, 8, 30, 2, 14, 0, 3, 10, 30, 1, 7, 0, 10, 4, 30, 9, 13, 0, 9, 7, 30, 11, 11, 0, 7, 16, 30, 5, 5, 0, 4, 1, -27, 3, 1, 99]",439.37029576301575
"[2, 0, 40, 0, 30, 3, 6, 0, 9, 4, 30, 2, 0, 0, 2, 0, 30, 1, 8, 0, 9, 0, 30, 3, 6, 0, 9, 19, 30, 3, 0, 0, 3, 1, -15, 3, 1, 1219]","[0, 0, 39, 4, 30, 1, 6, 0, 11, 18, 30, 8, 5, 0, 8, 5, 30, 7, 3, 0, 10, 7, 30, 2, 3, 0, 4, 3, 30, 1, 4, 0, 2, 1, -15, 3, 1, 619]",439.00429916381836
"[2, 0, 40, 0, 30, 3, 6, 0, 9, 4, 30, 2, 0, 0, 2, 0, 30, 1, 8, 0, 9, 0, 30, 3, 6, 0, 9, 19, 30, 3, 0, 0, 3, 1, -15, 3, 1, 1219]","[2, 4, 24, 8, 30, 6, 4, 0, 2, 1, 30, 7, 1, 0, 10, 4, 30, 8, 6, 0, 14, 14, 30, 8, 12, 0, 8, 4, 30, 4, 5, 0, 9, 1, -15, 3, 0, 399]",439.00429916381836
"[2, 0, 40, 0, 30, 3, 6, 0, 9, 4, 30, 2, 0, 0, 2, 0, 30, 1, 8, 0, 9, 0, 30, 3, 6, 0, 9, 19, 30, 3, 0, 0, 3, 1, -15, 3, 1, 1219]","[1, 1, 38, 5, 30, 9, 3, 0, 6, 2, 30, 10, 3, 0, 0, 2, 30, 3, 14, 0, 6, 8, 30, 7, 5, 0, 14, 18, 30, 6, 6, 0, 0, 0, -27, 3, 1, 739]",439.00429916381836
"[2, 0, 14, 3, 30, 9, 0, 0, 9, 7, 30, 6, 0, 0, 6, 0, 30, 1, 8, 0, 9, 0, 30, 9, 0, 0, 9, 0, 30, 3, 1, 0, 4, 1, -15, 3, 1, 439]","[2, 3, 47, 7, 30, 15, 6, 0, 8, 10, 30, 2, 4, 0, 12, 1, 30, 3, 11, 0, 12, 10, 30, 7, 4, 0, 11, 1, 30, 5, 2, 0, 9, 1, -15, 3, 1, 1259]",439.91943097114563
"[2, 0, 14, 3, 30, 9, 0, 0, 9, 7, 30, 6, 0, 0, 6, 0, 30, 1, 8, 0, 9, 0, 30, 9, 0, 0, 9, 0, 30, 3, 1, 0, 4, 1, -15, 3, 1, 439]","[1, 4, 36, 5, 30, 11, 14, 0, 3, 2, 30, 3, 2, 0, 4, 3, 30, 6, 2, 0, 9, 11, 30, 12, 11, 0, 12, 0, 30, 1, 5, 0, 5, 1, -27, 3, 1, 1079]",439.91943097114563
"[2, 0, 14, 3, 30, 9, 0, 0, 9, 7, 30, 6, 0, 0, 6, 0, 30, 1, 8, 0, 9, 0, 30, 9, 0, 0, 9, 0, 30, 3, 1, 0, 4, 1, -15, 3, 1, 439]","[0, 1, 22, 0, 30, 1, 4, 0, 15, 26, 30, 6, 5, 0, 0, 0, 30, 1, 4, 0, 13, 14, 30, 8, 2, 0, 5, 21, 30, 4, 1, 0, 1, 0, -27, 3, 0, 919]",439.91943097114563
"[2, 4, 23, 1, 30, 8, 5, 0, 13, 3, 30, 6, 0, 0, 6, 0, 30, 3, 10, 0, 13, 10, 30, 9, 4, 0, 13, 0, 30, 4, 2, 0, 6, 1, -15, 3, 1, 719]","[0, 0, 30, 7, 30, 12, 1, 0, 9, 2, 30, 10, 1, 0, 4, 2, 30, 1, 3, 0, 11, 6, 30, 9, 10, 0, 8, 19, 30, 7, 7, 0, 2, 1, -15, 3, 1, 1359]",436.3715786933899
"[2, 4, 23, 1, 30, 8, 5, 0, 13, 3, 30, 6, 0, 0, 6, 0, 30, 3, 10, 0, 13, 10, 30, 9, 4, 0, 13, 0, 30, 4, 2, 0, 6, 1, -15, 3, 1, 719]","[1, -1, 35, 0, 30, 5, 11, 0, 5, 4, 30, 8, 3, 0, 6, 0, 30, 5, 0, 0, 4, 1, 30, 4, 6, 0, 12, 20, 30, 0, 1, 0, 4, 0, -15, 3, 1, 179]",436.3715786933899
"[2, 4, 23, 1, 30, 8, 5, 0, 13, 3, 30, 6, 0, 0, 6, 0, 30, 3, 10, 0, 13, 10, 30, 9, 4, 0, 13, 0, 30, 4, 2, 0, 6, 1, -15, 3, 1, 719]","[2, 3, 7, 8, 30, 10, 6, 0, 12, 6, 30, 1, 7, 0, 0, 1, 30, 10, 2, 0, 3, 11, 30, 6, 3, 0, 5, 10, 30, 6, 3, 0, 8, 0, -27, 3, 0, 299]",436.3715786933899
"[2, 0, 27, 3, 30, 5, 0, 0, 5, 5, 30, 0, 0, 0, 0, 0, 30, 1, 4, 0, 5, 0, 30, 2, 3, 0, 5, 0, 30, 1, 3, 0, 4, 1, -15, 3, 1, 819]","[0, 0, 20, 4, 30, 5, 2, 0, 7, 4, 30, 4, 7, 0, 2, 2, 30, 6, 10, 0, 13, 4, 30, 4, 11, 0, 15, 14, 30, 2, 3, 0, 7, 0, -15, 3, 0, 59]",441.38970971107483
"[2, 0, 27, 3, 30, 5, 0, 0, 5, 5, 30, 0, 0, 0, 0, 0, 30, 1, 4, 0, 5, 0, 30, 2, 3, 0, 5, 0, 30, 1, 3, 0, 4, 1, -15, 3, 1, 819]","[1, 4, 16, 3, 30, 12, 9, 0, 2, 9, 30, 1, 2, 0, 0, 4, 30, 8, 11, 0, 7, 5, 30, 11, 3, 0, 12, 20, 30, 0, 4, 0, 8, 1, -27, 3, 1, 539]",441.38970971107483
"[2, 0, 27, 3, 30, 5, 0, 0, 5, 5, 30, 0, 0, 0, 0, 0, 30, 1, 4, 0, 5, 0, 30, 2, 3, 0, 5, 0, 30, 1, 3, 0, 4, 1, -15, 3, 1, 819]","[2, 2, 27, 2, 30, 9, 1, 0, 15, 23, 30, 0, 1, 0, 4, 3, 30, 7, 0, 0, 11, 10, 30, 9, 0, 0, 8, 3, 30, 6, 0, 0, 1, 1, -15, 3, 0, 1419]",441.38970971107483
"[2, 0, 15, 0, 30, 4, 9, 0, 13, 8, 30, 5, 1, 0, 6, 0, 30, 3, 10, 0, 13, 1, 30, 10, 3, 0, 13, 1, 30, 2, 7, 0, 9, 1, -15, 3, 1, 479]","[1, -1, 13, 8, 30, 4, 8, 0, 10, 0, 30, 6, 0, 0, 12, 0, 30, 5, 4, 0, 11, 9, 30, 7, 7, 0, 8, 23, 30, 5, 1, 0, 0, 1, -15, 3, 0, 99]",432.22284603118896
"[2, 0, 15, 0, 30, 4, 9, 0, 13, 8, 30, 5, 1, 0, 6, 0, 30, 3, 10, 0, 13, 1, 30, 10, 3, 0, 13, 1, 30, 2, 7, 0, 9, 1, -15, 3, 1, 479]","[2, 2, 18, 4, 30, 14, 7, 0, 3, 17, 30, 10, 2, 0, 8, 2, 30, 3, 12, 0, 2, 8, 30, 12, 8, 0, 12, 19, 30, 7, 4, 0, 7, 0, -27, 3, 1, 459]",432.22284603118896
"[2, 0, 15, 0, 30, 4, 9, 0, 13, 8, 30, 5, 1, 0, 6, 0, 30, 3, 10, 0, 13, 1, 30, 10, 3, 0, 13, 1, 30, 2, 7, 0, 9, 1, -15, 3, 1, 479]","[0, 3, 27, 1, 30, 10, 2, 0, 13, 8, 30, 4, 5, 0, 4, 3, 30, 10, 1, 0, 14, 10, 30, 3, 4, 0, 4, 15, 30, 4, 6, 0, 4, 1, -15, 3, 1, 159]",432.22284603118896
"[2, 1, 23, 1, 30, 6, 7, 0, 13, 4, 30, 6, 0, 0, 6, 0, 30, 3, 10, 0, 13, 5, 30, 13, 0, 0, 13, 0, 30, 4, 2, 0, 6, 1, -15, 3, 1, 719]","[0, 0, 14, 5, 30, 13, 8, 0, 7, 20, 30, 2, 3, 0, 12, 4, 30, 0, 6, 0, 12, 8, 30, 14, 9, 0, 2, 11, 30, 7, 0, 0, 4, 0, -27, 3, 0, 1359]",436.1237962245941
"[2, 1, 23, 1, 30, 6, 7, 0, 13, 4, 30, 6, 0, 0, 6, 0, 30, 3, 10, 0, 13, 5, 30, 13, 0, 0, 13, 0, 30, 4, 2, 0, 6, 1, -15, 3, 1, 719]","[1, 3, 24, 1, 30, 8, 7, 0, 2, 19, 30, 8, 2, 0, 10, 0, 30, 2, 11, 0, 14, 9, 30, 11, 3, 0, 8, 22, 30, 6, 7, 0, 0, 0, -15, 3, 1, 1339]",436.1237962245941
"[2, 1, 23, 1, 30, 6, 7, 0, 13, 4, 30, 6, 0, 0, 6, 0, 30, 3, 10, 0, 13, 5, 30, 13, 0, 0, 13, 0, 30, 4, 2, 0, 6, 1, -15, 3, 1, 719]","[2, 4, 8, 6, 30, 7, 4, 0, 15, 16, 30, 5, 1, 0, 4, 5, 30, 1, 7, 0, 15, 0, 30, 13, 4, 0, 5, 21, 30, 0, 2, 0, 9, 1, -15, 3, 1, 779]",436.1237962245941
"[2, 3, 31, 1, 30, 1, 3, 0, 4, 0, 30, 4, 0, 0, 4, 0, 30, 1, 3, 0, 4, 5, 30, 4, 0, 0, 4, 0, 30, 0, 3, 0, 3, 1, -15, 3, 1, 939]","[0, 2, 46, 6, 30, 0, 8, 0, 3, 2, 30, 4, 7, 0, 10, 5, 30, 6, 1, 0, 11, 2, 30, 11, 8, 0, 12, 21, 30, 2, 0, 0, 1, 0, -27, 3, 0, 1379]",435.24207401275635
"[2, 3, 31, 1, 30, 1, 3, 0, 4, 0, 30, 4, 0, 0, 4, 0, 30, 1, 3, 0, 4, 5, 30, 4, 0, 0, 4, 0, 30, 0, 3, 0, 3, 1, -15, 3, 1, 939]","[2, 0, 41, 5, 30, 15, 5, 0, 11, 12, 30, 3, 0, 0, 6, 0, 30, 3, 2, 0, 13, 9, 30, 1, 6, 0, 3, 23, 30, 4, 4, 0, 5, 1, -15, 3, 1, 519]",435.24207401275635
"[2, 3, 31, 1, 30, 1, 3, 0, 4, 0, 30, 4, 0, 0, 4, 0, 30, 1, 3, 0, 4, 5, 30, 4, 0, 0, 4, 0, 30, 0, 3, 0, 3, 1, -15, 3, 1, 939]","[1, 4, 5, 3, 30, 11, 10, 0, 2, 7, 30, 1, 5, 0, 0, 4, 30, 1, 6, 0, 7, 14, 30, 12, 4, 0, 5, 0, 30, 6, 2, 0, 0, 0, -15, 3, 0, 219]",435.24207401275635
"[2, 4, 7, 0, 30, 3, 6, 0, 9, 3, 30, 3, 1, 0, 4, 0, 30, 3, 6, 0, 9, 3, 30, 5, 4, 0, 9, 5, 30, 6, 0, 0, 6, 0, -27, 3, 0, 239]","[2, 1, 39, 6, 30, 4, 5, 0, 8, 1, 30, 1, 7, 0, 10, 0, 30, 0, 10, 0, 10, 11, 30, 8, 9, 0, 12, 5, 30, 4, 6, 0, 7, 0, -27, 3, 0, 1359]",442.0381097793579
"[2, 4, 7, 0, 30, 3, 6, 0, 9, 3, 30, 3, 1, 0, 4, 0, 30, 3, 6, 0, 9, 3, 30, 5, 4, 0, 9, 5, 30, 6, 0, 0, 6, 0, -27, 3, 0, 239]","[0, 4, 12, 5, 30, 3, 11, 0, 12, 6, 30, 2, 3, 0, 12, 1, 30, 9, 2, 0, 4, 3, 30, 3, 12, 0, 10, 8, 30, 5, 4, 0, 5, 1, -15, 3, 1, 439]",442.0381097793579
"[2, 4, 7, 0, 30, 3, 6, 0, 9, 3, 30, 3, 1, 0, 4, 0, 30, 3, 6, 0, 9, 3, 30, 5, 4, 0, 9, 5, 30, 6, 0, 0, 6, 0, -27, 3, 0, 239]","[1, 0, 18, 8, 30, 9, 9, 0, 3, 10, 30, 8, 4, 0, 8, 3, 30, 7, 6, 0, 12, 8, 30, 10, 3, 0, 7, 20, 30, 1, 7, 0, 9, 0, -27, 3, 1, 1439]",442.0381097793579
"[2, 0, 14, 1, 30, 9, 0, 0, 9, 7, 30, 6, 0, 0, 6, 0, 30, 1, 8, 0, 9, 0, 30, 7, 2, 0, 9, 0, 30, 3, 1, 0, 4, 1, -15, 3, 1, 439]","[0, 4, 5, 6, 30, 12, 5, 0, 12, 9, 30, 5, 1, 0, 6, 0, 30, 7, 8, 0, 12, 7, 30, 10, 6, 0, 12, 21, 30, 0, 5, 0, 5, 0, -15, 3, 1, 179]",434.81322145462036
"[2, 0, 14, 1, 30, 9, 0, 0, 9, 7, 30, 6, 0, 0, 6, 0, 30, 1, 8, 0, 9, 0, 30, 7, 2, 0, 9, 0, 30, 3, 1, 0, 4, 1, -15, 3, 1, 439]","[2, 0, 19, 4, 30, 6, 4, 0, 7, 12, 30, 3, 2, 0, 4, 1, 30, 9, 0, 0, 14, 2, 30, 0, 7, 0, 5, 24, 30, 3, 7, 0, 2, 1, -27, 3, 0, 499]",434.81322145462036
"[2, 0, 14, 1, 30, 9, 0, 0, 9, 7, 30, 6, 0, 0, 6, 0, 30, 1, 8, 0, 9, 0, 30, 7, 2, 0, 9, 0, 30, 3, 1, 0, 4, 1, -15, 3, 1, 439]","[1, -1, 30, 7, 30, 8, 10, 0, 14, 14, 30, 4, 3, 0, 12, 2, 30, 0, 7, 0, 2, 10, 30, 13, 13, 0, 10, 18, 30, 6, 6, 0, 0, 0, -27, 3, 0, 839]",434.81322145462036
"[2, 1, 34, 1, 30, 9, 0, 0, 9, 0, 30, 5, 3, 0, 8, 0, 30, 0, 9, 0, 9, 1, 30, 9, 0, 0, 9, 0, 30, 2, 4, 0, 6, 1, -15, 3, 1, 1039]","[0, 2, 13, 0, 30, 9, 4, 0, 4, 19, 30, 6, 7, 0, 6, 3, 30, 9, 3, 0, 15, 2, 30, 14, 13, 0, 12, 8, 30, 4, 2, 0, 1, 0, -15, 3, 0, 59]",435.515230178833
"[2, 1, 34, 1, 30, 9, 0, 0, 9, 0, 30, 5, 3, 0, 8, 0, 30, 0, 9, 0, 9, 1, 30, 9, 0, 0, 9, 0, 30, 2, 4, 0, 6, 1, -15, 3, 1, 1039]","[2, -1, 14, 8, 30, 0, 14, 0, 6, 4, 30, 10, 2, 0, 4, 0, 30, 8, 6, 0, 10, 3, 30, 4, 4, 0, 10, 10, 30, 6, 3, 0, 9, 0, -27, 3, 1, 1199]",435.515230178833
"[2, 1, 34, 1, 30, 9, 0, 0, 9, 0, 30, 5, 3, 0, 8, 0, 30, 0, 9, 0, 9, 1, 30, 9, 0, 0, 9, 0, 30, 2, 4, 0, 6, 1, -15, 3, 1, 1039]","[1, 3, 46, 4, 30, 13, 9, 0, 11, 7, 30, 8, 1, 0, 8, 1, 30, 10, 2, 0, 11, 5, 30, 6, 1, 0, 4, 2, 30, 2, 6, 0, 0, 1, -27, 3, 1, 979]",435.515230178833
"[2, 3, 31, 1, 30, 8, 4, 0, 12, 0, 30, 5, 3, 0, 8, 3, 30, 4, 8, 0, 12, 4, 30, 12, 0, 0, 12, 0, 30, 1, 5, 0, 6, 1, -15, 3, 1, 959]","[1, 4, 27, 3, 30, 3, 3, 0, 2, 7, 30, 4, 5, 0, 10, 4, 30, 8, 0, 0, 12, 11, 30, 3, 5, 0, 12, 8, 30, 0, 0, 0, 6, 1, -27, 3, 0, 1279]",433.93217039108276
"[2, 3, 31, 1, 30, 8, 4, 0, 12, 0, 30, 5, 3, 0, 8, 3, 30, 4, 8, 0, 12, 4, 30, 12, 0, 0, 12, 0, 30, 1, 5, 0, 6, 1, -15, 3, 1, 959]","[2, 1, 33, 1, 30, 12, 7, 0, 3, 6, 30, 3, 7, 0, 12, 0, 30, 4, 2, 0, 10, 2, 30, 11, 12, 0, 14, 3, 30, 1, 6, 0, 4, 0, -15, 3, 1, 639]",433.93217039108276
"[2, 3, 31, 1, 30, 8, 4, 0, 12, 0, 30, 5, 3, 0, 8, 3, 30, 4, 8, 0, 12, 4, 30, 12, 0, 0, 12, 0, 30, 1, 5, 0, 6, 1, -15, 3, 1, 959]","[0, 0, 20, 0, 30, 4, 8, 0, 13, 4, 30, 0, 4, 0, 4, 1, 30, 3, 13, 0, 13, 10, 30, 6, 4, 0, 8, 20, 30, 2, 4, 0, 0, 0, -15, 3, 1, 1079]",433.93217039108276
"[2, 4, 24, 0, 30, 5, 1, 0, 6, 0, 30, 3, 1, 0, 4, 0, 30, 1, 5, 0, 6, 7, 30, 6, 0, 0, 6, 0, 30, 1, 3, 0, 4, 1, -15, 3, 1, 739]","[1, -1, 29, 1, 30, 13, 8, 0, 10, 6, 30, 7, 0, 0, 6, 0, 30, 4, 7, 0, 13, 8, 30, 3, 2, 0, 4, 23, 30, 5, 3, 0, 5, 1, -27, 3, 1, 1379]",435.7902069091797
"[2, 4, 24, 0, 30, 5, 1, 0, 6, 0, 30, 3, 1, 0, 4, 0, 30, 1, 5, 0, 6, 7, 30, 6, 0, 0, 6, 0, 30, 1, 3, 0, 4, 1, -15, 3, 1, 739]","[0, 0, 14, 4, 30, 14, 14, 0, 14, 15, 30, 5, 4, 0, 8, 3, 30, 0, 2, 0, 11, 11, 30, 4, 12, 0, 2, 16, 30, 4, 1, 0, 1, 1, -15, 3, 1, 779]",435.7902069091797
"[2, 4, 24, 0, 30, 5, 1, 0, 6, 0, 30, 3, 1, 0, 4, 0, 30, 1, 5, 0, 6, 7, 30, 6, 0, 0, 6, 0, 30, 1, 3, 0, 4, 1, -15, 3, 1, 739]","[2, 4, 19, 6, 30, 0, 3, 0, 6, 18, 30, 10, 2, 0, 12, 1, 30, 8, 5, 0, 7, 9, 30, 2, 6, 0, 10, 17, 30, 7, 2, 0, 6, 0, -27, 3, 0, 519]",435.7902069091797
"[2, 2, 30, 2, 30, 4, 1, 0, 5, 0, 30, 2, 0, 0, 2, 1, 30, 1, 4, 0, 5, 4, 30, 3, 2, 0, 5, 0, 30, 2, 1, 0, 3, 1, -15, 3, 1, 919]","[2, 2, 12, 4, 30, 4, 0, 0, 3, 2, 30, 8, 0, 0, 2, 2, 30, 8, 8, 0, 11, 11, 30, 1, 8, 0, 8, 18, 30, 0, 3, 0, 1, 0, -27, 3, 1, 159]",434.6195983886719
"[2, 2, 30, 2, 30, 4, 1, 0, 5, 0, 30, 2, 0, 0, 2, 1, 30, 1, 4, 0, 5, 4, 30, 3, 2, 0, 5, 0, 30, 2, 1, 0, 3, 1, -15, 3, 1, 919]","[0, 3, 2, 6, 30, 1, 5, 0, 4, 8, 30, 1, 4, 0, 6, 4, 30, 9, 5, 0, 12, 10, 30, 3, 6, 0, 4, 2, 30, 3, 2, 0, 4, 1, -15, 3, 1, 1219]",434.6195983886719
"[2, 2, 30, 2, 30, 4, 1, 0, 5, 0, 30, 2, 0, 0, 2, 1, 30, 1, 4, 0, 5, 4, 30, 3, 2, 0, 5, 0, 30, 2, 1, 0, 3, 1, -15, 3, 1, 919]","[1, -1, 24, 3, 30, 9, 10, 0, 7, 26, 30, 6, 2, 0, 4, 0, 30, 5, 3, 0, 13, 1, 30, 0, 11, 0, 14, 22, 30, 7, 6, 0, 0, 1, -27, 3, 0, 1039]",434.6195983886719
"[2, 1, 21, 3, 30, 9, 1, 0, 10, 4, 30, 6, 0, 0, 6, 1, 30, 3, 7, 0, 10, 7, 30, 5, 5, 0, 10, 0, 30, 3, 1, 0, 4, 1, -15, 3, 1, 659]","[2, 2, 33, 7, 30, 2, 11, 0, 4, 23, 30, 2, 1, 0, 4, 0, 30, 0, 0, 0, 6, 7, 30, 9, 9, 0, 12, 0, 30, 7, 3, 0, 4, 1, -15, 3, 0, 1339]",437.1356828212738
"[2, 1, 21, 3, 30, 9, 1, 0, 10, 4, 30, 6, 0, 0, 6, 1, 30, 3, 7, 0, 10, 7, 30, 5, 5, 0, 10, 0, 30, 3, 1, 0, 4, 1, -15, 3, 1, 659]","[0, 4, 13, 6, 30, 15, 3, 0, 11, 17, 30, 0, 2, 0, 2, 3, 30, 7, 6, 0, 10, 1, 30, 13, 3, 0, 9, 3, 30, 1, 7, 0, 8, 1, -15, 3, 0, 159]",437.1356828212738
"[2, 1, 21, 3, 30, 9, 1, 0, 10, 4, 30, 6, 0, 0, 6, 1, 30, 3, 7, 0, 10, 7, 30, 5, 5, 0, 10, 0, 30, 3, 1, 0, 4, 1, -15, 3, 1, 659]","[1, 3, 26, 2, 30, 10, 14, 0, 10, 6, 30, 8, 5, 0, 6, 1, 30, 6, 10, 0, 3, 14, 30, 0, 1, 0, 4, 17, 30, 5, 2, 0, 3, 0, -27, 3, 1, 259]",437.1356828212738
"[2, 3, 22, 5, 30, 8, 0, 0, 8, 3, 30, 2, 0, 0, 2, 0, 30, 5, 3, 0, 8, 0, 30, 7, 1, 0, 8, 1, 30, 1, 3, 0, 4, 1, -15, 3, 1, 679]","[1, 1, 20, 5, 30, 4, 8, 0, 5, 6, 30, 7, 2, 0, 2, 4, 30, 1, 13, 0, 4, 0, 30, 7, 1, 0, 4, 8, 30, 1, 7, 0, 8, 1, -15, 3, 1, 99]",435.1073672771454
"[2, 3, 22, 5, 30, 8, 0, 0, 8, 3, 30, 2, 0, 0, 2, 0, 30, 5, 3, 0, 8, 0, 30, 7, 1, 0, 8, 1, 30, 1, 3, 0, 4, 1, -15, 3, 1, 679]","[0, 0, 45, 7, 30, 15, 5, 0, 6, 4, 30, 3, 4, 0, 8, 0, 30, 2, 14, 0, 6, 1, 30, 4, 13, 0, 11, 17, 30, 2, 2, 0, 4, 0, -27, 3, 0, 1159]",435.1073672771454
"[2, 3, 22, 5, 30, 8, 0, 0, 8, 3, 30, 2, 0, 0, 2, 0, 30, 5, 3, 0, 8, 0, 30, 7, 1, 0, 8, 1, 30, 1, 3, 0, 4, 1, -15, 3, 1, 679]","[2, 4, 13, 4, 30, 7, 1, 0, 9, 19, 30, 4, 3, 0, 4, 5, 30, 6, 7, 0, 9, 5, 30, 3, 0, 0, 7, 12, 30, 6, 5, 0, 6, 1, -15, 3, 1, 579]",435.1073672771454
"[2, 2, 34, 1, 30, 9, 0, 0, 9, 0, 30, 5, 3, 0, 8, 0, 30, 0, 9, 0, 9, 5, 30, 9, 0, 0, 9, 0, 30, 2, 4, 0, 6, 1, -15, 3, 1, 1039]","[1, 1, 33, 2, 30, 8, 4, 0, 11, 4, 30, 1, 7, 0, 10, 5, 30, 7, 5, 0, 4, 5, 30, 7, 1, 0, 10, 11, 30, 1, 3, 0, 8, 1, -27, 3, 1, 1339]",436.3238706588745
"[2, 2, 34, 1, 30, 9, 0, 0, 9, 0, 30, 5, 3, 0, 8, 0, 30, 0, 9, 0, 9, 5, 30, 9, 0, 0, 9, 0, 30, 2, 4, 0, 6, 1, -15, 3, 1, 1039]","[2, 2, 32, 3, 30, 15, 10, 0, 6, 21, 30, 3, 5, 0, 2, 0, 30, 8, 14, 0, 11, 2, 30, 9, 0, 0, 9, 5, 30, 7, 2, 0, 5, 0, -27, 3, 0, 1199]",436.3238706588745
"[2, 2, 34, 1, 30, 9, 0, 0, 9, 0, 30, 5, 3, 0, 8, 0, 30, 0, 9, 0, 9, 5, 30, 9, 0, 0, 9, 0, 30, 2, 4, 0, 6, 1, -15, 3, 1, 1039]","[0, 4, 22, 0, 30, 4, 5, 0, 10, 2, 30, 10, 2, 0, 12, 2, 30, 3, 9, 0, 12, 11, 30, 8, 9, 0, 2, 6, 30, 2, 5, 0, 1, 1, -15, 3, 1, 239]",436.3238706588745
"[2, 1, 4, 2, 30, 7, 1, 0, 8, 1, 30, 2, 2, 0, 4, 0, 30, 6, 2, 0, 8, 0, 30, 0, 8, 0, 8, 2, 30, 4, 0, 0, 4, 0, -27, 3, 0, 139]","[1, 2, 15, 1, 30, 5, 7, 0, 5, 24, 30, 2, 0, 0, 2, 5, 30, 6, 13, 0, 3, 4, 30, 4, 10, 0, 8, 15, 30, 1, 2, 0, 8, 1, -27, 3, 1, 219]",435.4750154018402
"[2, 1, 4, 2, 30, 7, 1, 0, 8, 1, 30, 2, 2, 0, 4, 0, 30, 6, 2, 0, 8, 0, 30, 0, 8, 0, 8, 2, 30, 4, 0, 0, 4, 0, -27, 3, 0, 139]","[0, 0, 26, 4, 30, 6, 0, 0, 10, 19, 30, 4, 3, 0, 0, 0, 30, 2, 7, 0, 15, 1, 30, 14, 13, 0, 4, 13, 30, 0, 4, 0, 3, 0, -15, 3, 0, 1239]",435.4750154018402
"[2, 1, 4, 2, 30, 7, 1, 0, 8, 1, 30, 2, 2, 0, 4, 0, 30, 6, 2, 0, 8, 0, 30, 0, 8, 0, 8, 2, 30, 4, 0, 0, 4, 0, -27, 3, 0, 139]","[2, 4, 39, 3, 30, 12, 1, 0, 13, 16, 30, 6, 5, 0, 8, 1, 30, 8, 14, 0, 6, 3, 30, 2, 9, 0, 7, 23, 30, 7, 1, 0, 4, 1, -27, 3, 1, 1079]",435.4750154018402
"[2, 0, 11, 4, 30, 8, 4, 0, 12, 2, 30, 4, 0, 0, 4, 0, 30, 1, 11, 0, 12, 3, 30, 12, 0, 0, 12, 1, 30, 4, 0, 0, 4, 1, -15, 3, 1, 359]","[0, 3, 29, 2, 30, 3, 14, 0, 5, 26, 30, 5, 1, 0, 6, 1, 30, 5, 14, 0, 3, 8, 30, 0, 10, 0, 12, 10, 30, 4, 7, 0, 0, 1, -15, 3, 1, 1439]",436.68795013427734
"[2, 0, 11, 4, 30, 8, 4, 0, 12, 2, 30, 4, 0, 0, 4, 0, 30, 1, 11, 0, 12, 3, 30, 12, 0, 0, 12, 1, 30, 4, 0, 0, 4, 1, -15, 3, 1, 359]","[2, 0, 23, 7, 30, 7, 8, 0, 13, 0, 30, 3, 5, 0, 4, 4, 30, 3, 11, 0, 6, 4, 30, 14, 1, 0, 9, 4, 30, 5, 2, 0, 7, 0, -27, 3, 0, 239]",436.68795013427734
"[2, 0, 11, 4, 30, 8, 4, 0, 12, 2, 30, 4, 0, 0, 4, 0, 30, 1, 11, 0, 12, 3, 30, 12, 0, 0, 12, 1, 30, 4, 0, 0, 4, 1, -15, 3, 1, 359]","[1, 2, 44, 0, 30, 13, 6, 0, 2, 6, 30, 7, 2, 0, 8, 3, 30, 0, 12, 0, 13, 3, 30, 2, 11, 0, 7, 21, 30, 2, 0, 0, 9, 1, -27, 3, 1, 579]",436.68795013427734
"[2, 1, 12, 2, 30, 7, 0, 0, 7, 4, 30, 3, 3, 0, 6, 0, 30, 1, 6, 0, 7, 0, 30, 6, 1, 0, 7, 2, 30, 2, 1, 0, 3, 1, -15, 3, 1, 379]","[0, 3, 4, 3, 30, 8, 6, 0, 8, 3, 30, 4, 0, 0, 8, 5, 30, 5, 11, 0, 12, 2, 30, 5, 1, 0, 15, 12, 30, 1, 0, 0, 0, 0, -15, 3, 1, 1439]",431.58210039138794
"[2, 1, 12, 2, 30, 7, 0, 0, 7, 4, 30, 3, 3, 0, 6, 0, 30, 1, 6, 0, 7, 0, 30, 6, 1, 0, 7, 2, 30, 2, 1, 0, 3, 1, -15, 3, 1, 379]","[0, 2, 8, 1, 30, 3, 3, 0, 4, 10, 30, 3, 5, 0, 4, 4, 30, 2, 13, 0, 8, 11, 30, 4, 0, 0, 4, 11, 30, 5, 3, 0, 4, 0, -15, 3, 0, 1159]",431.58210039138794
"[2, 1, 12, 2, 30, 7, 0, 0, 7, 4, 30, 3, 3, 0, 6, 0, 30, 1, 6, 0, 7, 0, 30, 6, 1, 0, 7, 2, 30, 2, 1, 0, 3, 1, -15, 3, 1, 379]","[1, 4, 33, 4, 30, 0, 2, 0, 6, 26, 30, 5, 2, 0, 6, 3, 30, 9, 3, 0, 10, 10, 30, 3, 10, 0, 13, 3, 30, 4, 6, 0, 6, 1, -27, 3, 1, 319]",431.58210039138794
"[2, 3, 21, 5, 30, 10, 0, 0, 10, 0, 30, 6, 0, 0, 6, 1, 30, 3, 7, 0, 10, 2, 30, 8, 2, 0, 10, 0, 30, 3, 1, 0, 4, 1, -15, 3, 1, 659]","[0, 2, 41, 2, 30, 0, 8, 0, 8, 6, 30, 10, 0, 0, 8, 5, 30, 8, 8, 0, 4, 3, 30, 4, 1, 0, 6, 13, 30, 7, 4, 0, 8, 1, -27, 3, 1, 1299]",435.4642837047577
"[2, 3, 21, 5, 30, 10, 0, 0, 10, 0, 30, 6, 0, 0, 6, 1, 30, 3, 7, 0, 10, 2, 30, 8, 2, 0, 10, 0, 30, 3, 1, 0, 4, 1, -15, 3, 1, 659]","[1, 0, 46, 5, 30, 9, 0, 0, 3, 0, 30, 5, 2, 0, 2, 4, 30, 3, 1, 0, 5, 5, 30, 5, 8, 0, 5, 5, 30, 5, 0, 0, 3, 1, -15, 3, 0, 1239]",435.4642837047577
"[2, 3, 21, 5, 30, 10, 0, 0, 10, 0, 30, 6, 0, 0, 6, 1, 30, 3, 7, 0, 10, 2, 30, 8, 2, 0, 10, 0, 30, 3, 1, 0, 4, 1, -15, 3, 1, 659]","[2, 4, 40, 0, 30, 7, 4, 0, 2, 2, 30, 2, 7, 0, 10, 1, 30, 2, 4, 0, 10, 6, 30, 1, 6, 0, 10, 1, 30, 3, 2, 0, 4, 0, -27, 3, 1, 719]",435.4642837047577
"[2, 0, 21, 0, 30, 1, 2, 0, 3, 10, 30, 2, 0, 0, 2, 0, 30, 2, 1, 0, 3, 1, 30, 2, 1, 0, 3, 0, 30, 1, 0, 0, 1, 1, -15, 3, 1, 639]","[0, 1, 18, 5, 30, 4, 5, 0, 13, 3, 30, 8, 1, 0, 10, 1, 30, 6, 0, 0, 7, 8, 30, 14, 0, 0, 13, 16, 30, 4, 6, 0, 7, 1, -15, 3, 1, 79]",432.09586334228516
"[2, 0, 21, 0, 30, 1, 2, 0, 3, 10, 30, 2, 0, 0, 2, 0, 30, 2, 1, 0, 3, 1, 30, 2, 1, 0, 3, 0, 30, 1, 0, 0, 1, 1, -15, 3, 1, 639]","[1, 2, 14, 1, 30, 11, 7, 0, 15, 26, 30, 2, 3, 0, 2, 3, 30, 2, 8, 0, 12, 6, 30, 11, 1, 0, 7, 23, 30, 5, 7, 0, 1, 0, -27, 3, 0, 879]",432.09586334228516
"[2, 0, 21, 0, 30, 1, 2, 0, 3, 10, 30, 2, 0, 0, 2, 0, 30, 2, 1, 0, 3, 1, 30, 2, 1, 0, 3, 0, 30, 1, 0, 0, 1, 1, -15, 3, 1, 639]","[2, 4, 42, 8, 30, 9, 11, 0, 10, 14, 30, 0, 4, 0, 6, 5, 30, 1, 12, 0, 15, 0, 30, 4, 9, 0, 3, 10, 30, 3, 5, 0, 3, 1, -27, 3, 0, 1159]",432.09586334228516
"[2, 1, 34, 0, 30, 9, 0, 0, 9, 0, 30, 6, 2, 0, 8, 0, 30, 0, 9, 0, 9, 5, 30, 9, 0, 0, 9, 0, 30, 2, 4, 0, 6, 1, -15, 3, 1, 1039]","[0, 0, 32, 8, 30, 2, 0, 0, 9, 21, 30, 1, 5, 0, 6, 5, 30, 1, 7, 0, 3, 9, 30, 14, 1, 0, 7, 0, 30, 5, 0, 0, 0, 1, -15, 3, 1, 59]",434.64131712913513
"[2, 1, 34, 0, 30, 9, 0, 0, 9, 0, 30, 6, 2, 0, 8, 0, 30, 0, 9, 0, 9, 5, 30, 9, 0, 0, 9, 0, 30, 2, 4, 0, 6, 1, -15, 3, 1, 1039]","[2, -1, 6, 1, 30, 12, 10, 0, 13, 3, 30, 4, 1, 0, 4, 2, 30, 9, 4, 0, 6, 7, 30, 4, 10, 0, 12, 17, 30, 4, 1, 0, 9, 1, -15, 3, 0, 919]",434.64131712913513
"[2, 1, 34, 0, 30, 9, 0, 0, 9, 0, 30, 6, 2, 0, 8, 0, 30, 0, 9, 0, 9, 5, 30, 9, 0, 0, 9, 0, 30, 2, 4, 0, 6, 1, -15, 3, 1, 1039]","[1, 2, 34, 4, 30, 11, 11, 0, 12, 6, 30, 10, 2, 0, 2, 3, 30, 5, 11, 0, 9, 5, 30, 11, 2, 0, 6, 1, 30, 0, 6, 0, 1, 0, -27, 3, 1, 279]",434.64131712913513
"[2, 1, 15, 0, 30, 2, 2, 0, 4, 0, 30, 6, 0, 0, 6, 0, 30, 2, 2, 0, 4, 3, 30, 3, 1, 0, 4, 0, 30, 1, 3, 0, 4, 1, -15, 3, 1, 459]","[2, 4, 19, 0, 30, 7, 0, 0, 4, 11, 30, 2, 1, 0, 12, 1, 30, 10, 11, 0, 3, 4, 30, 13, 0, 0, 12, 11, 30, 0, 4, 0, 1, 1, -27, 3, 0, 99]",436.94098687171936
"[2, 1, 15, 0, 30, 2, 2, 0, 4, 0, 30, 6, 0, 0, 6, 0, 30, 2, 2, 0, 4, 3, 30, 3, 1, 0, 4, 0, 30, 1, 3, 0, 4, 1, -15, 3, 1, 459]","[1, 2, 47, 5, 30, 0, 9, 0, 13, 19, 30, 4, 2, 0, 2, 0, 30, 7, 7, 0, 8, 1, 30, 7, 9, 0, 9, 17, 30, 1, 0, 0, 9, 1, -27, 3, 0, 699]",436.94098687171936
"[2, 1, 15, 0, 30, 2, 2, 0, 4, 0, 30, 6, 0, 0, 6, 0, 30, 2, 2, 0, 4, 3, 30, 3, 1, 0, 4, 0, 30, 1, 3, 0, 4, 1, -15, 3, 1, 459]","[0, 1, 25, 1, 30, 12, 7, 0, 12, 24, 30, 1, 5, 0, 8, 5, 30, 0, 8, 0, 9, 11, 30, 5, 8, 0, 13, 20, 30, 4, 2, 0, 5, 0, -15, 3, 1, 759]",436.94098687171936
"[2, 3, 40, 0, 30, 3, 6, 0, 9, 0, 30, 2, 0, 0, 2, 0, 30, 1, 8, 0, 9, 0, 30, 3, 6, 0, 9, 17, 30, 3, 0, 0, 3, 1, -15, 3, 1, 1219]","[2, 4, 39, 4, 30, 13, 6, 0, 12, 12, 30, 4, 5, 0, 12, 0, 30, 4, 6, 0, 8, 1, 30, 12, 11, 0, 2, 3, 30, 3, 5, 0, 6, 1, -15, 3, 1, 479]",433.9090168476105
"[2, 3, 40, 0, 30, 3, 6, 0, 9, 0, 30, 2, 0, 0, 2, 0, 30, 1, 8, 0, 9, 0, 30, 3, 6, 0, 9, 17, 30, 3, 0, 0, 3, 1, -15, 3, 1, 1219]","[1, 2, 29, 7, 30, 6, 4, 0, 14, 8, 30, 10, 1, 0, 0, 3, 30, 9, 13, 0, 4, 2, 30, 11, 9, 0, 3, 5, 30, 7, 0, 0, 8, 1, -27, 3, 1, 119]",433.9090168476105
"[2, 3, 40, 0, 30, 3, 6, 0, 9, 0, 30, 2, 0, 0, 2, 0, 30, 1, 8, 0, 9, 0, 30, 3, 6, 0, 9, 17, 30, 3, 0, 0, 3, 1, -15, 3, 1, 1219]","[0, 1, 21, 2, 30, 8, 3, 0, 3, 16, 30, 8, 4, 0, 8, 1, 30, 0, 3, 0, 11, 0, 30, 2, 0, 0, 4, 17, 30, 1, 1, 0, 9, 0, -27, 3, 0, 1259]",433.9090168476105
"[2, 4, 6, 1, 30, 8, 1, 0, 9, 0, 30, 2, 0, 0, 2, 0, 30, 2, 7, 0, 9, 0, 30, 6, 3, 0, 9, 0, 30, 5, 0, 0, 5, 0, -27, 3, 0, 199]","[0, 0, 12, 7, 30, 11, 2, 0, 14, 5, 30, 1, 4, 0, 12, 1, 30, 1, 10, 0, 14, 7, 30, 10, 4, 0, 10, 4, 30, 6, 1, 0, 6, 0, -27, 3, 1, 1279]",437.02908062934875
"[2, 4, 6, 1, 30, 8, 1, 0, 9, 0, 30, 2, 0, 0, 2, 0, 30, 2, 7, 0, 9, 0, 30, 6, 3, 0, 9, 0, 30, 5, 0, 0, 5, 0, -27, 3, 0, 199]","[2, 4, 16, 1, 30, 15, 5, 0, 13, 0, 30, 6, 5, 0, 4, 2, 30, 3, 12, 0, 3, 3, 30, 4, 0, 0, 11, 8, 30, 0, 6, 0, 5, 0, -27, 3, 1, 499]",437.02908062934875
"[2, 4, 6, 1, 30, 8, 1, 0, 9, 0, 30, 2, 0, 0, 2, 0, 30, 2, 7, 0, 9, 0, 30, 6, 3, 0, 9, 0, 30, 5, 0, 0, 5, 0, -27, 3, 0, 199]","[1, 3, 30, 8, 30, 13, 3, 0, 6, 20, 30, 7, 7, 0, 0, 4, 30, 6, 6, 0, 8, 0, 30, 14, 7, 0, 7, 12, 30, 2, 5, 0, 9, 1, -15, 3, 0, 679]",437.02908062934875
"[2, 3, 7, 0, 30, 2, 7, 0, 9, 4, 30, 3, 1, 0, 4, 1, 30, 4, 5, 0, 9, 2, 30, 6, 3, 0, 9, 4, 30, 6, 0, 0, 6, 0, -27, 3, 0, 239]","[0, -1, 31, 0, 30, 9, 1, 0, 11, 17, 30, 5, 5, 0, 6, 1, 30, 1, 6, 0, 9, 11, 30, 11, 8, 0, 14, 23, 30, 1, 0, 0, 4, 1, -27, 3, 0, 259]",434.1638994216919
"[2, 3, 7, 0, 30, 2, 7, 0, 9, 4, 30, 3, 1, 0, 4, 1, 30, 4, 5, 0, 9, 2, 30, 6, 3, 0, 9, 4, 30, 6, 0, 0, 6, 0, -27, 3, 0, 239]","[2, 1, 25, 6, 30, 15, 8, 0, 4, 21, 30, 2, 7, 0, 2, 4, 30, 3, 14, 0, 4, 3, 30, 3, 11, 0, 4, 8, 30, 3, 1, 0, 8, 0, -15, 3, 1, 1419]",434.1638994216919
"[2, 3, 7, 0, 30, 2, 7, 0, 9, 4, 30, 3, 1, 0, 4, 1, 30, 4, 5, 0, 9, 2, 30, 6, 3, 0, 9, 4, 30, 6, 0, 0, 6, 0, -27, 3, 0, 239]","[1, 0, 3, 1, 30, 14, 4, 0, 5, 18, 30, 7, 2, 0, 8, 3, 30, 2, 5, 0, 14, 14, 30, 2, 4, 0, 6, 14, 30, 6, 5, 0, 7, 1, -27, 3, 1, 179]",434.1638994216919
"[2, 1, 30, 3, 30, 4, 1, 0, 5, 1, 30, 2, 0, 0, 2, 1, 30, 1, 4, 0, 5, 4, 30, 3, 2, 0, 5, 0, 30, 2, 1, 0, 3, 1, -15, 3, 1, 919]","[2, 3, 24, 4, 30, 7, 7, 0, 4, 12, 30, 10, 3, 0, 10, 3, 30, 6, 14, 0, 7, 0, 30, 7, 2, 0, 5, 20, 30, 2, 0, 0, 3, 1, -15, 3, 1, 239]",431.58304023742676
"[2, 1, 30, 3, 30, 4, 1, 0, 5, 1, 30, 2, 0, 0, 2, 1, 30, 1, 4, 0, 5, 4, 30, 3, 2, 0, 5, 0, 30, 2, 1, 0, 3, 1, -15, 3, 1, 919]","[1, 0, 30, 2, 30, 13, 10, 0, 6, 22, 30, 3, 7, 0, 8, 1, 30, 9, 10, 0, 12, 6, 30, 10, 7, 0, 10, 12, 30, 5, 3, 0, 6, 1, -27, 3, 0, 119]",431.58304023742676
"[2, 1, 30, 3, 30, 4, 1, 0, 5, 1, 30, 2, 0, 0, 2, 1, 30, 1, 4, 0, 5, 4, 30, 3, 2, 0, 5, 0, 30, 2, 1, 0, 3, 1, -15, 3, 1, 919]","[0, -1, 37, 0, 30, 6, 11, 0, 8, 18, 30, 2, 1, 0, 6, 2, 30, 0, 0, 0, 9, 3, 30, 11, 8, 0, 6, 24, 30, 1, 1, 0, 4, 0, -15, 3, 0, 479]",431.58304023742676
"[2, 2, 39, 0, 30, 3, 8, 0, 11, 5, 30, 6, 0, 0, 6, 0, 30, 4, 7, 0, 11, 0, 30, 2, 9, 0, 11, 11, 30, 5, 0, 0, 5, 1, -15, 3, 1, 1199]","[0, 2, 1, 4, 30, 4, 6, 0, 13, 12, 30, 5, 7, 0, 6, 1, 30, 7, 12, 0, 12, 8, 30, 3, 6, 0, 10, 19, 30, 6, 4, 0, 6, 1, -15, 3, 0, 499]",431.2630250453949
"[2, 2, 39, 0, 30, 3, 8, 0, 11, 5, 30, 6, 0, 0, 6, 0, 30, 4, 7, 0, 11, 0, 30, 2, 9, 0, 11, 11, 30, 5, 0, 0, 5, 1, -15, 3, 1, 1199]","[1, 0, 40, 2, 30, 7, 10, 0, 9, 3, 30, 0, 3, 0, 12, 0, 30, 5, 10, 0, 14, 2, 30, 13, 3, 0, 7, 16, 30, 2, 1, 0, 0, 0, -27, 3, 1, 439]",431.2630250453949
"[2, 2, 39, 0, 30, 3, 8, 0, 11, 5, 30, 6, 0, 0, 6, 0, 30, 4, 7, 0, 11, 0, 30, 2, 9, 0, 11, 11, 30, 5, 0, 0, 5, 1, -15, 3, 1, 1199]","[2, 1, 45, 3, 30, 8, 11, 0, 7, 20, 30, 8, 1, 0, 2, 4, 30, 4, 9, 0, 4, 3, 30, 8, 9, 0, 6, 3, 30, 0, 0, 0, 7, 0, -15, 3, 0, 279]",431.2630250453949
"[2, 0, 24, 0, 30, 6, 0, 0, 6, 4, 30, 3, 1, 0, 4, 0, 30, 1, 5, 0, 6, 6, 30, 6, 0, 0, 6, 0, 30, 1, 3, 0, 4, 1, -15, 3, 1, 739]","[2, 0, 24, 8, 30, 12, 0, 0, 15, 22, 30, 5, 0, 0, 0, 2, 30, 10, 14, 0, 11, 11, 30, 9, 6, 0, 10, 20, 30, 0, 1, 0, 3, 1, -27, 3, 1, 239]",430.05251002311707
"[2, 0, 24, 0, 30, 6, 0, 0, 6, 4, 30, 3, 1, 0, 4, 0, 30, 1, 5, 0, 6, 6, 30, 6, 0, 0, 6, 0, 30, 1, 3, 0, 4, 1, -15, 3, 1, 739]","[0, -1, 47, 1, 30, 10, 1, 0, 8, 24, 30, 10, 3, 0, 8, 1, 30, 2, 11, 0, 9, 4, 30, 3, 3, 0, 3, 8, 30, 6, 4, 0, 0, 0, -27, 3, 0, 1359]",430.05251002311707
"[2, 0, 24, 0, 30, 6, 0, 0, 6, 4, 30, 3, 1, 0, 4, 0, 30, 1, 5, 0, 6, 6, 30, 6, 0, 0, 6, 0, 30, 1, 3, 0, 4, 1, -15, 3, 1, 739]","[1, 1, 3, 6, 30, 0, 2, 0, 6, 13, 30, 6, 1, 0, 10, 4, 30, 8, 3, 0, 3, 14, 30, 14, 12, 0, 13, 15, 30, 7, 5, 0, 7, 1, -15, 3, 1, 759]",430.05251002311707
"[2, 3, 29, 0, 30, 9, 5, 0, 14, 6, 30, 8, 4, 0, 12, 0, 30, 2, 12, 0, 14, 0, 30, 9, 5, 0, 14, 0, 30, 4, 5, 0, 9, 1, -15, 3, 1, 899]","[0, 0, 6, 6, 30, 1, 1, 0, 2, 23, 30, 0, 1, 0, 10, 5, 30, 8, 5, 0, 15, 9, 30, 7, 11, 0, 14, 1, 30, 5, 4, 0, 8, 1, -27, 3, 0, 1399]",432.21109914779663
"[2, 3, 29, 0, 30, 9, 5, 0, 14, 6, 30, 8, 4, 0, 12, 0, 30, 2, 12, 0, 14, 0, 30, 9, 5, 0, 14, 0, 30, 4, 5, 0, 9, 1, -15, 3, 1, 899]","[1, 2, 40, 1, 30, 11, 5, 0, 13, 17, 30, 5, 0, 0, 6, 4, 30, 3, 4, 0, 13, 4, 30, 12, 2, 0, 11, 13, 30, 4, 2, 0, 1, 0, -15, 3, 0, 379]",432.21109914779663
"[2, 3, 29, 0, 30, 9, 5, 0, 14, 6, 30, 8, 4, 0, 12, 0, 30, 2, 12, 0, 14, 0, 30, 9, 5, 0, 14, 0, 30, 4, 5, 0, 9, 1, -15, 3, 1, 899]","[2, 4, 19, 4, 30, 10, 11, 0, 9, 14, 30, 10, 4, 0, 8, 0, 30, 9, 8, 0, 6, 0, 30, 9, 1, 0, 13, 10, 30, 6, 3, 0, 3, 1, -27, 3, 1, 739]",432.21109914779663
"[2, 3, 27, 2, 30, 5, 0, 0, 5, 0, 30, 0, 0, 0, 0, 0, 30, 1, 4, 0, 5, 4, 30, 5, 0, 0, 5, 0, 30, 1, 3, 0, 4, 1, -15, 3, 1, 819]","[0, 2, 4, 2, 30, 8, 9, 0, 11, 5, 30, 0, 2, 0, 6, 4, 30, 10, 0, 0, 3, 10, 30, 13, 5, 0, 9, 21, 30, 6, 2, 0, 5, 0, -15, 3, 1, 519]",432.36181139945984
"[2, 3, 27, 2, 30, 5, 0, 0, 5, 0, 30, 0, 0, 0, 0, 0, 30, 1, 4, 0, 5, 4, 30, 5, 0, 0, 5, 0, 30, 1, 3, 0, 4, 1, -15, 3, 1, 819]","[2, 1, 34, 1, 30, 15, 1, 0, 7, 15, 30, 7, 1, 0, 12, 3, 30, 7, 5, 0, 8, 14, 30, 5, 10, 0, 10, 2, 30, 2, 3, 0, 3, 0, -27, 3, 0, 179]",432.36181139945984
"[2, 3, 27, 2, 30, 5, 0, 0, 5, 0, 30, 0, 0, 0, 0, 0, 30, 1, 4, 0, 5, 4, 30, 5, 0, 0, 5, 0, 30, 1, 3, 0, 4, 1, -15, 3, 1, 819]","[1, -1, 25, 4, 30, 0, 6, 0, 4, 22, 30, 10, 3, 0, 10, 2, 30, 5, 7, 0, 4, 11, 30, 0, 4, 0, 3, 0, 30, 0, 4, 0, 2, 1, -15, 3, 1, 119]",432.36181139945984
"[2, 4, 26, 7, 30, 9, 0, 0, 9, 0, 30, 1, 3, 0, 4, 1, 30, 0, 9, 0, 9, 4, 30, 6, 3, 0, 9, 3, 30, 1, 2, 0, 3, 1, -15, 3, 1, 799]","[1, 4, 18, 7, 30, 10, 3, 0, 3, 16, 30, 7, 2, 0, 0, 0, 30, 1, 3, 0, 4, 2, 30, 5, 4, 0, 14, 1, 30, 0, 1, 0, 5, 1, -15, 3, 1, 139]",435.1684601306915
"[2, 4, 26, 7, 30, 9, 0, 0, 9, 0, 30, 1, 3, 0, 4, 1, 30, 0, 9, 0, 9, 4, 30, 6, 3, 0, 9, 3, 30, 1, 2, 0, 3, 1, -15, 3, 1, 799]","[0, 0, 45, 5, 30, 11, 10, 0, 10, 12, 30, 8, 0, 0, 8, 1, 30, 4, 1, 0, 15, 14, 30, 7, 3, 0, 5, 19, 30, 7, 5, 0, 9, 1, -15, 3, 1, 239]",435.1684601306915
"[2, 4, 26, 7, 30, 9, 0, 0, 9, 0, 30, 1, 3, 0, 4, 1, 30, 0, 9, 0, 9, 4, 30, 6, 3, 0, 9, 3, 30, 1, 2, 0, 3, 1, -15, 3, 1, 799]","[2, 2, 25, 1, 30, 3, 11, 0, 13, 3, 30, 10, 1, 0, 6, 3, 30, 3, 11, 0, 10, 5, 30, 6, 13, 0, 9, 16, 30, 5, 4, 0, 6, 0, -27, 3, 0, 319]",435.1684601306915
"[2, 0, 17, 1, 30, 2, 2, 0, 4, 1, 30, 2, 0, 0, 2, 1, 30, 0, 4, 0, 4, 6, 30, 2, 2, 0, 4, 1, 30, 1, 0, 0, 1, 1, -15, 3, 1, 519]","[0, 4, 3, 1, 30, 11, 9, 0, 14, 14, 30, 4, 1, 0, 0, 3, 30, 10, 12, 0, 12, 2, 30, 8, 3, 0, 15, 22, 30, 7, 3, 0, 0, 1, -15, 3, 1, 1359]",443.734516620636
"[2, 0, 17, 1, 30, 2, 2, 0, 4, 1, 30, 2, 0, 0, 2, 1, 30, 0, 4, 0, 4, 6, 30, 2, 2, 0, 4, 1, 30, 1, 0, 0, 1, 1, -15, 3, 1, 519]","[2, 0, 12, 3, 30, 7, 1, 0, 15, 9, 30, 6, 7, 0, 2, 2, 30, 5, 5, 0, 2, 7, 30, 13, 1, 0, 4, 23, 30, 3, 2, 0, 1, 0, -27, 3, 0, 879]",443.734516620636
"[2, 0, 17, 1, 30, 2, 2, 0, 4, 1, 30, 2, 0, 0, 2, 1, 30, 0, 4, 0, 4, 6, 30, 2, 2, 0, 4, 1, 30, 1, 0, 0, 1, 1, -15, 3, 1, 519]","[1, 3, 2, 4, 30, 14, 5, 0, 6, 7, 30, 1, 4, 0, 2, 4, 30, 1, 1, 0, 3, 11, 30, 4, 4, 0, 12, 24, 30, 4, 5, 0, 6, 0, -15, 3, 1, 839]",443.734516620636
"[2, 4, 19, 1, 30, 8, 5, 0, 13, 0, 30, 3, 5, 0, 8, 0, 30, 4, 9, 0, 13, 3, 30, 9, 4, 0, 13, 0, 30, 6, 3, 0, 9, 1, -15, 3, 1, 599]","[0, 2, 5, 5, 30, 4, 14, 0, 11, 19, 30, 5, 1, 0, 12, 2, 30, 6, 4, 0, 2, 0, 30, 11, 8, 0, 8, 15, 30, 1, 1, 0, 6, 0, -15, 3, 0, 99]",441.53589963912964
"[2, 4, 19, 1, 30, 8, 5, 0, 13, 0, 30, 3, 5, 0, 8, 0, 30, 4, 9, 0, 13, 3, 30, 9, 4, 0, 13, 0, 30, 6, 3, 0, 9, 1, -15, 3, 1, 599]","[2, 0, 8, 7, 30, 9, 3, 0, 12, 5, 30, 4, 2, 0, 6, 0, 30, 7, 11, 0, 6, 2, 30, 3, 10, 0, 10, 11, 30, 3, 4, 0, 2, 0, -27, 3, 1, 679]",441.53589963912964
"[2, 4, 19, 1, 30, 8, 5, 0, 13, 0, 30, 3, 5, 0, 8, 0, 30, 4, 9, 0, 13, 3, 30, 9, 4, 0, 13, 0, 30, 6, 3, 0, 9, 1, -15, 3, 1, 599]","[1, -1, 44, 1, 30, 14, 10, 0, 2, 24, 30, 6, 3, 0, 0, 1, 30, 4, 7, 0, 11, 4, 30, 10, 3, 0, 13, 23, 30, 5, 3, 0, 9, 1, -15, 3, 1, 339]",441.53589963912964
"[2, 3, 13, 8, 30, 7, 0, 0, 7, 0, 30, 4, 0, 0, 4, 1, 30, 5, 2, 0, 7, 4, 30, 7, 0, 0, 7, 0, 30, 3, 1, 0, 4, 1, -15, 3, 1, 419]","[0, 3, 6, 1, 30, 13, 8, 0, 6, 9, 30, 1, 0, 0, 0, 3, 30, 3, 4, 0, 7, 1, 30, 1, 8, 0, 5, 11, 30, 2, 7, 0, 2, 0, -15, 3, 1, 1179]",443.40205788612366
"[2, 3, 13, 8, 30, 7, 0, 0, 7, 0, 30, 4, 0, 0, 4, 1, 30, 5, 2, 0, 7, 4, 30, 7, 0, 0, 7, 0, 30, 3, 1, 0, 4, 1, -15, 3, 1, 419]","[2, 2, 17, 5, 30, 14, 6, 0, 14, 6, 30, 2, 2, 0, 2, 0, 30, 8, 5, 0, 9, 11, 30, 11, 1, 0, 6, 7, 30, 3, 6, 0, 7, 1, -15, 3, 0, 959]",443.40205788612366
"[2, 3, 13, 8, 30, 7, 0, 0, 7, 0, 30, 4, 0, 0, 4, 1, 30, 5, 2, 0, 7, 4, 30, 7, 0, 0, 7, 0, 30, 3, 1, 0, 4, 1, -15, 3, 1, 419]","[1, 4, 45, 7, 30, 7, 1, 0, 15, 15, 30, 3, 4, 0, 10, 2, 30, 4, 6, 0, 15, 6, 30, 3, 10, 0, 13, 23, 30, 7, 4, 0, 4, 1, -27, 3, 1, 639]",443.40205788612366
"[2, 0, 9, 0, 30, 3, 1, 0, 4, 4, 30, 2, 0, 0, 2, 0, 30, 2, 2, 0, 4, 1, 30, 4, 0, 0, 4, 1, 30, 1, 0, 0, 1, 0, -27, 3, 0, 279]","[2, 4, 11, 1, 30, 4, 7, 0, 3, 22, 30, 1, 2, 0, 0, 2, 30, 4, 13, 0, 9, 11, 30, 3, 5, 0, 4, 4, 30, 7, 4, 0, 1, 1, -15, 3, 1, 1359]",444.91572546958923
"[2, 0, 9, 0, 30, 3, 1, 0, 4, 4, 30, 2, 0, 0, 2, 0, 30, 2, 2, 0, 4, 1, 30, 4, 0, 0, 4, 1, 30, 1, 0, 0, 1, 0, -27, 3, 0, 279]","[0, 3, 38, 3, 30, 10, 10, 0, 13, 6, 30, 3, 1, 0, 12, 1, 30, 10, 2, 0, 3, 0, 30, 2, 3, 0, 7, 17, 30, 3, 1, 0, 2, 0, -15, 3, 1, 1139]",444.91572546958923
"[2, 0, 9, 0, 30, 3, 1, 0, 4, 4, 30, 2, 0, 0, 2, 0, 30, 2, 2, 0, 4, 1, 30, 4, 0, 0, 4, 1, 30, 1, 0, 0, 1, 0, -27, 3, 0, 279]","[1, 2, 30, 2, 30, 6, 2, 0, 8, 18, 30, 8, 0, 0, 2, 5, 30, 3, 12, 0, 14, 9, 30, 4, 0, 0, 3, 11, 30, 2, 5, 0, 0, 0, -27, 3, 0, 59]",444.91572546958923
"[2, 3, 4, 2, 30, 8, 0, 0, 8, 0, 30, 2, 2, 0, 4, 0, 30, 8, 0, 0, 8, 0, 30, 2, 6, 0, 8, 1, 30, 4, 0, 0, 4, 0, -27, 3, 0, 139]","[1, 4, 7, 6, 30, 1, 6, 0, 2, 24, 30, 8, 1, 0, 8, 0, 30, 10, 14, 0, 7, 3, 30, 9, 8, 0, 8, 3, 30, 2, 1, 0, 9, 0, -27, 3, 0, 1439]",442.9672176837921
"[2, 3, 4, 2, 30, 8, 0, 0, 8, 0, 30, 2, 2, 0, 4, 0, 30, 8, 0, 0, 8, 0, 30, 2, 6, 0, 8, 1, 30, 4, 0, 0, 4, 0, -27, 3, 0, 139]","[0, 0, 33, 0, 30, 15, 2, 0, 10, 12, 30, 10, 5, 0, 6, 3, 30, 1, 13, 0, 3, 7, 30, 13, 10, 0, 6, 7, 30, 7, 6, 0, 4, 1, -15, 3, 1, 299]",442.9672176837921
"[2, 3, 4, 2, 30, 8, 0, 0, 8, 0, 30, 2, 2, 0, 4, 0, 30, 8, 0, 0, 8, 0, 30, 2, 6, 0, 8, 1, 30, 4, 0, 0, 4, 0, -27, 3, 0, 139]","[2, 2, 37, 2, 30, 2, 0, 0, 9, 15, 30, 7, 7, 0, 2, 5, 30, 2, 0, 0, 8, 14, 30, 2, 11, 0, 10, 24, 30, 6, 3, 0, 3, 1, -27, 3, 0, 359]",442.9672176837921
"[2, 0, 33, 3, 30, 11, 0, 0, 11, 3, 30, 4, 0, 0, 4, 0, 30, 1, 10, 0, 11, 4, 30, 11, 0, 0, 11, 2, 30, 4, 0, 0, 4, 1, -15, 3, 1, 1019]","[0, 3, 32, 7, 30, 9, 10, 0, 8, 11, 30, 3, 2, 0, 4, 2, 30, 5, 8, 0, 2, 11, 30, 8, 10, 0, 10, 11, 30, 5, 7, 0, 4, 0, -15, 3, 1, 179]",443.48402190208435
"[2, 0, 33, 3, 30, 11, 0, 0, 11, 3, 30, 4, 0, 0, 4, 0, 30, 1, 10, 0, 11, 4, 30, 11, 0, 0, 11, 2, 30, 4, 0, 0, 4, 1, -15, 3, 1, 1019]","[2, 0, 37, 1, 30, 12, 0, 0, 5, 10, 30, 0, 3, 0, 0, 1, 30, 6, 0, 0, 11, 0, 30, 5, 12, 0, 6, 18, 30, 0, 1, 0, 9, 1, -15, 3, 0, 359]",443.48402190208435
"[2, 0, 33, 3, 30, 11, 0, 0, 11, 3, 30, 4, 0, 0, 4, 0, 30, 1, 10, 0, 11, 4, 30, 11, 0, 0, 11, 2, 30, 4, 0, 0, 4, 1, -15, 3, 1, 1019]","[1, 4, 24, 0, 30, 14, 3, 0, 13, 18, 30, 10, 7, 0, 2, 5, 30, 1, 7, 0, 5, 7, 30, 11, 13, 0, 2, 0, 30, 7, 3, 0, 0, 0, -27, 3, 0, 319]",443.48402190208435
"[2, 2, 12, 2, 30, 6, 1, 0, 7, 2, 30, 3, 3, 0, 6, 0, 30, 2, 5, 0, 7, 1, 30, 6, 1, 0, 7, 3, 30, 2, 1, 0, 3, 1, -15, 3, 1, 379]","[1, 2, 20, 1, 30, 4, 14, 0, 11, 21, 30, 4, 7, 0, 12, 3, 30, 9, 4, 0, 13, 14, 30, 3, 9, 0, 10, 19, 30, 7, 0, 0, 7, 0, -15, 3, 1, 119]",451.5743429660797
"[2, 2, 12, 2, 30, 6, 1, 0, 7, 2, 30, 3, 3, 0, 6, 0, 30, 2, 5, 0, 7, 1, 30, 6, 1, 0, 7, 3, 30, 2, 1, 0, 3, 1, -15, 3, 1, 379]","[2, 0, 24, 0, 30, 14, 0, 0, 6, 4, 30, 0, 4, 0, 6, 0, 30, 2, 6, 0, 6, 6, 30, 5, 6, 0, 7, 16, 30, 4, 7, 0, 8, 1, -27, 3, 1, 1119]",451.5743429660797
"[2, 2, 12, 2, 30, 6, 1, 0, 7, 2, 30, 3, 3, 0, 6, 0, 30, 2, 5, 0, 7, 1, 30, 6, 1, 0, 7, 3, 30, 2, 1, 0, 3, 1, -15, 3, 1, 379]","[0, 3, 21, 2, 30, 2, 5, 0, 3, 26, 30, 8, 1, 0, 2, 2, 30, 4, 10, 0, 14, 3, 30, 6, 3, 0, 8, 2, 30, 0, 4, 0, 4, 0, -27, 3, 0, 239]",451.5743429660797
"[2, 0, 33, 3, 30, 10, 1, 0, 11, 5, 30, 4, 0, 0, 4, 0, 30, 1, 10, 0, 11, 2, 30, 11, 0, 0, 11, 2, 30, 4, 0, 0, 4, 1, -15, 3, 1, 1019]","[2, 3, 42, 8, 30, 9, 9, 0, 11, 14, 30, 10, 4, 0, 6, 2, 30, 4, 10, 0, 15, 14, 30, 14, 0, 0, 14, 8, 30, 3, 0, 0, 8, 1, -27, 3, 1, 1439]",459.9576458930969
"[2, 0, 33, 3, 30, 10, 1, 0, 11, 5, 30, 4, 0, 0, 4, 0, 30, 1, 10, 0, 11, 2, 30, 11, 0, 0, 11, 2, 30, 4, 0, 0, 4, 1, -15, 3, 1, 1019]","[1, 2, 8, 5, 30, 10, 1, 0, 4, 19, 30, 0, 2, 0, 4, 1, 30, 3, 12, 0, 5, 8, 30, 1, 5, 0, 2, 2, 30, 4, 1, 0, 1, 0, -27, 3, 0, 959]",459.9576458930969
"[2, 0, 33, 3, 30, 10, 1, 0, 11, 5, 30, 4, 0, 0, 4, 0, 30, 1, 10, 0, 11, 2, 30, 11, 0, 0, 11, 2, 30, 4, 0, 0, 4, 1, -15, 3, 1, 1019]","[0, 4, 30, 1, 30, 5, 7, 0, 8, 1, 30, 1, 0, 0, 12, 4, 30, 1, 0, 0, 3, 10, 30, 4, 13, 0, 5, 22, 30, 7, 3, 0, 9, 1, -15, 3, 1, 819]",459.9576458930969
"[2, 2, 9, 1, 30, 3, 1, 0, 4, 0, 30, 2, 0, 0, 2, 0, 30, 2, 2, 0, 4, 1, 30, 4, 0, 0, 4, 2, 30, 1, 0, 0, 1, 0, -27, 3, 0, 279]","[2, 1, 27, 8, 30, 6, 5, 0, 13, 11, 30, 2, 0, 0, 2, 1, 30, 4, 9, 0, 6, 3, 30, 7, 5, 0, 11, 21, 30, 6, 0, 0, 0, 0, -27, 3, 0, 59]",446.363924741745
"[2, 2, 9, 1, 30, 3, 1, 0, 4, 0, 30, 2, 0, 0, 2, 0, 30, 2, 2, 0, 4, 1, 30, 4, 0, 0, 4, 2, 30, 1, 0, 0, 1, 0, -27, 3, 0, 279]","[0, 2, 37, 4, 30, 10, 7, 0, 2, 18, 30, 7, 5, 0, 12, 0, 30, 5, 7, 0, 3, 10, 30, 6, 7, 0, 15, 6, 30, 4, 1, 0, 9, 0, -15, 3, 1, 979]",446.363924741745
"[2, 2, 9, 1, 30, 3, 1, 0, 4, 0, 30, 2, 0, 0, 2, 0, 30, 2, 2, 0, 4, 1, 30, 4, 0, 0, 4, 2, 30, 1, 0, 0, 1, 0, -27, 3, 0, 279]","[1, 0, 25, 5, 30, 4, 10, 0, 10, 1, 30, 3, 7, 0, 0, 4, 30, 0, 1, 0, 4, 14, 30, 9, 13, 0, 14, 2, 30, 3, 5, 0, 7, 1, -15, 3, 0, 1239]",446.363924741745
"[2, 0, 31, 1, 30, 1, 3, 0, 4, 2, 30, 4, 0, 0, 4, 0, 30, 1, 3, 0, 4, 5, 30, 4, 0, 0, 4, 0, 30, 0, 3, 0, 3, 1, -15, 3, 1, 939]","[1, 4, 8, 1, 30, 4, 11, 0, 8, 1, 30, 2, 2, 0, 8, 0, 30, 5, 1, 0, 13, 4, 30, 1, 9, 0, 7, 19, 30, 4, 3, 0, 3, 0, -27, 3, 0, 119]",444.4884066581726
"[2, 0, 31, 1, 30, 1, 3, 0, 4, 2, 30, 4, 0, 0, 4, 0, 30, 1, 3, 0, 4, 5, 30, 4, 0, 0, 4, 0, 30, 0, 3, 0, 3, 1, -15, 3, 1, 939]","[2, -1, 21, 5, 30, 15, 2, 0, 11, 6, 30, 8, 4, 0, 2, 1, 30, 0, 11, 0, 4, 11, 30, 9, 2, 0, 5, 5, 30, 3, 7, 0, 5, 1, -27, 3, 0, 59]",444.4884066581726
"[2, 0, 31, 1, 30, 1, 3, 0, 4, 2, 30, 4, 0, 0, 4, 0, 30, 1, 3, 0, 4, 5, 30, 4, 0, 0, 4, 0, 30, 0, 3, 0, 3, 1, -15, 3, 1, 939]","[0, 0, 23, 0, 30, 2, 9, 0, 2, 3, 30, 3, 1, 0, 10, 2, 30, 9, 10, 0, 15, 7, 30, 13, 6, 0, 2, 14, 30, 2, 0, 0, 1, 1, -15, 3, 1, 1299]",444.4884066581726
"[2, 2, 9, 1, 30, 3, 1, 0, 4, 0, 30, 2, 0, 0, 2, 3, 30, 1, 3, 0, 4, 0, 30, 4, 0, 0, 4, 1, 30, 1, 0, 0, 1, 0, -27, 3, 0, 279]","[1, -1, 42, 6, 30, 11, 1, 0, 14, 2, 30, 7, 2, 0, 2, 5, 30, 0, 2, 0, 9, 2, 30, 13, 2, 0, 5, 5, 30, 5, 1, 0, 7, 1, -27, 3, 0, 1439]",448.36232566833496
"[2, 2, 9, 1, 30, 3, 1, 0, 4, 0, 30, 2, 0, 0, 2, 3, 30, 1, 3, 0, 4, 0, 30, 4, 0, 0, 4, 1, 30, 1, 0, 0, 1, 0, -27, 3, 0, 279]","[2, 3, 38, 7, 30, 0, 10, 0, 10, 7, 30, 2, 5, 0, 12, 2, 30, 1, 4, 0, 11, 4, 30, 10, 6, 0, 11, 10, 30, 7, 3, 0, 4, 0, -15, 3, 1, 139]",448.36232566833496
"[2, 2, 9, 1, 30, 3, 1, 0, 4, 0, 30, 2, 0, 0, 2, 3, 30, 1, 3, 0, 4, 0, 30, 4, 0, 0, 4, 1, 30, 1, 0, 0, 1, 0, -27, 3, 0, 279]","[0, 2, 28, 4, 30, 2, 5, 0, 15, 12, 30, 0, 0, 0, 8, 4, 30, 2, 3, 0, 4, 11, 30, 9, 0, 0, 6, 8, 30, 2, 4, 0, 3, 0, -15, 3, 0, 999]",448.36232566833496
"[2, 0, 9, 1, 30, 9, 2, 0, 11, 3, 30, 6, 0, 0, 6, 1, 30, 5, 6, 0, 11, 5, 30, 8, 3, 0, 11, 1, 30, 2, 2, 0, 4, 0, -27, 3, 0, 299]","[2, -1, 47, 2, 30, 9, 8, 0, 12, 13, 30, 4, 4, 0, 4, 2, 30, 4, 9, 0, 8, 11, 30, 6, 3, 0, 8, 8, 30, 0, 4, 0, 6, 0, -27, 3, 1, 99]",450.2420799732208
"[2, 0, 9, 1, 30, 9, 2, 0, 11, 3, 30, 6, 0, 0, 6, 1, 30, 5, 6, 0, 11, 5, 30, 8, 3, 0, 11, 1, 30, 2, 2, 0, 4, 0, -27, 3, 0, 299]","[1, 3, 45, 4, 30, 13, 14, 0, 5, 6, 30, 7, 2, 0, 8, 0, 30, 7, 14, 0, 14, 10, 30, 10, 12, 0, 14, 17, 30, 7, 2, 0, 4, 1, -27, 3, 0, 579]",450.2420799732208
"[2, 0, 9, 1, 30, 9, 2, 0, 11, 3, 30, 6, 0, 0, 6, 1, 30, 5, 6, 0, 11, 5, 30, 8, 3, 0, 11, 1, 30, 2, 2, 0, 4, 0, -27, 3, 0, 299]","[0, 0, 44, 1, 30, 0, 0, 0, 4, 11, 30, 3, 3, 0, 2, 3, 30, 5, 4, 0, 11, 0, 30, 12, 7, 0, 5, 20, 30, 6, 5, 0, 5, 1, -15, 3, 1, 619]",450.2420799732208
"[2, 0, 33, 3, 30, 10, 1, 0, 11, 3, 30, 4, 0, 0, 4, 0, 30, 1, 10, 0, 11, 4, 30, 11, 0, 0, 11, 2, 30, 3, 1, 0, 4, 1, -15, 3, 1, 1019]","[1, 2, 1, 2, 30, 10, 9, 0, 11, 16, 30, 1, 0, 0, 0, 2, 30, 2, 6, 0, 12, 7, 30, 14, 1, 0, 4, 1, 30, 2, 6, 0, 4, 1, -15, 3, 1, 1259]",445.6647369861603
"[2, 0, 33, 3, 30, 10, 1, 0, 11, 3, 30, 4, 0, 0, 4, 0, 30, 1, 10, 0, 11, 4, 30, 11, 0, 0, 11, 2, 30, 3, 1, 0, 4, 1, -15, 3, 1, 1019]","[2, 4, 33, 1, 30, 8, 7, 0, 8, 21, 30, 2, 4, 0, 2, 4, 30, 10, 8, 0, 7, 1, 30, 10, 6, 0, 2, 2, 30, 7, 0, 0, 5, 0, -15, 3, 0, 339]",445.6647369861603
"[2, 0, 33, 3, 30, 10, 1, 0, 11, 3, 30, 4, 0, 0, 4, 0, 30, 1, 10, 0, 11, 4, 30, 11, 0, 0, 11, 2, 30, 3, 1, 0, 4, 1, -15, 3, 1, 1019]","[0, 1, 45, 5, 30, 2, 0, 0, 10, 5, 30, 3, 7, 0, 6, 3, 30, 4, 2, 0, 4, 11, 30, 13, 13, 0, 15, 8, 30, 5, 1, 0, 2, 1, -27, 3, 1, 279]",445.6647369861603
"[2, 1, 25, 4, 30, 14, 0, 0, 14, 3, 30, 5, 1, 0, 6, 0, 30, 3, 11, 0, 14, 6, 30, 14, 0, 0, 14, 0, 30, 3, 3, 0, 6, 1, -15, 3, 1, 779]","[2, 2, 8, 7, 30, 8, 14, 0, 11, 5, 30, 0, 1, 0, 4, 4, 30, 10, 11, 0, 8, 10, 30, 12, 6, 0, 9, 2, 30, 4, 0, 0, 4, 0, -27, 3, 0, 139]",447.89307975769043
"[2, 1, 25, 4, 30, 14, 0, 0, 14, 3, 30, 5, 1, 0, 6, 0, 30, 3, 11, 0, 14, 6, 30, 14, 0, 0, 14, 0, 30, 3, 3, 0, 6, 1, -15, 3, 1, 779]","[0, 1, 28, 0, 30, 11, 5, 0, 4, 17, 30, 7, 2, 0, 10, 2, 30, 8, 14, 0, 4, 0, 30, 3, 4, 0, 3, 15, 30, 7, 3, 0, 2, 0, -15, 3, 1, 779]",447.89307975769043
"[2, 1, 25, 4, 30, 14, 0, 0, 14, 3, 30, 5, 1, 0, 6, 0, 30, 3, 11, 0, 14, 6, 30, 14, 0, 0, 14, 0, 30, 3, 3, 0, 6, 1, -15, 3, 1, 779]","[1, 4, 45, 5, 30, 9, 9, 0, 15, 2, 30, 10, 5, 0, 12, 5, 30, 3, 8, 0, 6, 6, 30, 14, 9, 0, 8, 8, 30, 6, 7, 0, 0, 1, -27, 3, 1, 979]",447.89307975769043
"[2, 3, 33, 2, 30, 3, 0, 0, 3, 0, 30, 2, 0, 0, 2, 0, 30, 0, 3, 0, 3, 6, 30, 3, 0, 0, 3, 0, 30, 2, 0, 0, 2, 1, -15, 3, 1, 999]","[0, 1, 12, 1, 30, 7, 7, 0, 3, 7, 30, 10, 1, 0, 0, 0, 30, 9, 6, 0, 13, 0, 30, 13, 1, 0, 6, 3, 30, 3, 4, 0, 1, 0, -27, 3, 0, 1379]",449.4677679538727
"[2, 3, 33, 2, 30, 3, 0, 0, 3, 0, 30, 2, 0, 0, 2, 0, 30, 0, 3, 0, 3, 6, 30, 3, 0, 0, 3, 0, 30, 2, 0, 0, 2, 1, -15, 3, 1, 999]","[2, 4, 46, 4, 30, 2, 8, 0, 5, 11, 30, 0, 5, 0, 12, 3, 30, 3, 13, 0, 2, 4, 30, 8, 11, 0, 14, 11, 30, 4, 0, 0, 9, 0, -15, 3, 1, 619]",449.4677679538727
"[2, 3, 33, 2, 30, 3, 0, 0, 3, 0, 30, 2, 0, 0, 2, 0, 30, 0, 3, 0, 3, 6, 30, 3, 0, 0, 3, 0, 30, 2, 0, 0, 2, 1, -15, 3, 1, 999]","[1, 3, 5, 3, 30, 12, 6, 0, 15, 2, 30, 3, 4, 0, 2, 1, 30, 1, 0, 0, 11, 9, 30, 4, 12, 0, 2, 7, 30, 2, 1, 0, 2, 1, -15, 3, 1, 119]",449.4677679538727
"[2, 2, 32, 0, 30, 7, 2, 0, 9, 7, 30, 2, 0, 0, 2, 0, 30, 6, 3, 0, 9, 0, 30, 8, 1, 0, 9, 0, 30, 2, 0, 0, 2, 1, -15, 3, 1, 979]","[0, -1, 7, 6, 30, 0, 14, 0, 2, 1, 30, 0, 0, 0, 12, 3, 30, 5, 0, 0, 14, 10, 30, 1, 1, 0, 15, 8, 30, 6, 3, 0, 5, 0, -27, 3, 0, 1339]",451.54608488082886
"[2, 2, 32, 0, 30, 7, 2, 0, 9, 7, 30, 2, 0, 0, 2, 0, 30, 6, 3, 0, 9, 0, 30, 8, 1, 0, 9, 0, 30, 2, 0, 0, 2, 1, -15, 3, 1, 979]","[1, 1, 23, 0, 30, 9, 3, 0, 3, 26, 30, 1, 2, 0, 0, 4, 30, 6, 14, 0, 3, 5, 30, 2, 11, 0, 5, 15, 30, 1, 0, 0, 9, 1, -27, 3, 1, 239]",451.54608488082886
"[2, 2, 32, 0, 30, 7, 2, 0, 9, 7, 30, 2, 0, 0, 2, 0, 30, 6, 3, 0, 9, 0, 30, 8, 1, 0, 9, 0, 30, 2, 0, 0, 2, 1, -15, 3, 1, 979]","[2, 4, 34, 3, 30, 6, 9, 0, 14, 10, 30, 6, 3, 0, 6, 0, 30, 10, 4, 0, 6, 2, 30, 11, 5, 0, 8, 19, 30, 2, 4, 0, 8, 1, -15, 3, 1, 759]",451.54608488082886
"[2, 3, 19, 3, 30, 5, 0, 0, 5, 3, 30, 2, 0, 0, 2, 0, 30, 3, 2, 0, 5, 2, 30, 4, 1, 0, 5, 1, 30, 2, 1, 0, 3, 1, -15, 3, 1, 579]","[1, 0, 34, 4, 30, 7, 3, 0, 3, 5, 30, 0, 0, 0, 10, 3, 30, 0, 6, 0, 8, 14, 30, 5, 8, 0, 3, 24, 30, 2, 6, 0, 8, 1, -15, 3, 1, 1359]",454.6050879955292
"[2, 3, 19, 3, 30, 5, 0, 0, 5, 3, 30, 2, 0, 0, 2, 0, 30, 3, 2, 0, 5, 2, 30, 4, 1, 0, 5, 1, 30, 2, 1, 0, 3, 1, -15, 3, 1, 579]","[2, 1, 30, 3, 30, 11, 1, 0, 9, 4, 30, 2, 5, 0, 2, 2, 30, 10, 14, 0, 13, 0, 30, 6, 12, 0, 11, 6, 30, 6, 3, 0, 3, 0, -27, 3, 1, 879]",454.6050879955292
"[2, 3, 19, 3, 30, 5, 0, 0, 5, 3, 30, 2, 0, 0, 2, 0, 30, 3, 2, 0, 5, 2, 30, 4, 1, 0, 5, 1, 30, 2, 1, 0, 3, 1, -15, 3, 1, 579]","[0, 4, 11, 1, 30, 4, 7, 0, 2, 16, 30, 3, 4, 0, 6, 1, 30, 7, 7, 0, 6, 6, 30, 1, 1, 0, 6, 1, 30, 1, 2, 0, 7, 0, -15, 3, 0, 1319]",454.6050879955292
"[2, 1, 31, 1, 30, 10, 2, 0, 12, 1, 30, 5, 3, 0, 8, 3, 30, 4, 8, 0, 12, 2, 30, 12, 0, 0, 12, 0, 30, 1, 5, 0, 6, 1, -15, 3, 1, 959]","[0, 4, 16, 5, 30, 14, 10, 0, 9, 18, 30, 0, 1, 0, 0, 5, 30, 10, 3, 0, 12, 0, 30, 0, 13, 0, 5, 5, 30, 1, 1, 0, 0, 1, -15, 3, 1, 1199]",451.32644176483154
"[2, 1, 31, 1, 30, 10, 2, 0, 12, 1, 30, 5, 3, 0, 8, 3, 30, 4, 8, 0, 12, 2, 30, 12, 0, 0, 12, 0, 30, 1, 5, 0, 6, 1, -15, 3, 1, 959]","[2, 1, 30, 8, 30, 1, 6, 0, 15, 17, 30, 2, 4, 0, 8, 3, 30, 6, 5, 0, 6, 11, 30, 11, 6, 0, 8, 11, 30, 4, 2, 0, 1, 0, -15, 3, 0, 339]",451.32644176483154
"[2, 1, 31, 1, 30, 10, 2, 0, 12, 1, 30, 5, 3, 0, 8, 3, 30, 4, 8, 0, 12, 2, 30, 12, 0, 0, 12, 0, 30, 1, 5, 0, 6, 1, -15, 3, 1, 959]","[1, -1, 25, 0, 30, 5, 8, 0, 5, 19, 30, 8, 7, 0, 4, 1, 30, 4, 7, 0, 13, 9, 30, 13, 9, 0, 12, 4, 30, 0, 4, 0, 6, 0, -27, 3, 1, 1419]",451.32644176483154
"[2, 2, 9, 3, 30, 9, 2, 0, 11, 0, 30, 6, 0, 0, 6, 1, 30, 3, 8, 0, 11, 6, 30, 11, 0, 0, 11, 0, 30, 2, 2, 0, 4, 0, -27, 3, 0, 299]","[1, -1, 4, 4, 30, 7, 8, 0, 12, 10, 30, 8, 2, 0, 12, 5, 30, 10, 8, 0, 15, 10, 30, 4, 6, 0, 3, 6, 30, 5, 0, 0, 8, 1, -27, 3, 1, 1299]",451.6600229740143
"[2, 2, 9, 3, 30, 9, 2, 0, 11, 0, 30, 6, 0, 0, 6, 1, 30, 3, 8, 0, 11, 6, 30, 11, 0, 0, 11, 0, 30, 2, 2, 0, 4, 0, -27, 3, 0, 299]","[2, 3, 34, 7, 30, 5, 11, 0, 7, 18, 30, 5, 4, 0, 8, 4, 30, 3, 2, 0, 5, 3, 30, 11, 12, 0, 12, 22, 30, 0, 1, 0, 2, 0, -15, 3, 1, 799]",451.6600229740143
"[2, 2, 9, 3, 30, 9, 2, 0, 11, 0, 30, 6, 0, 0, 6, 1, 30, 3, 8, 0, 11, 6, 30, 11, 0, 0, 11, 0, 30, 2, 2, 0, 4, 0, -27, 3, 0, 299]","[0, 4, 13, 5, 30, 14, 3, 0, 11, 13, 30, 4, 1, 0, 10, 3, 30, 9, 6, 0, 6, 8, 30, 0, 7, 0, 13, 7, 30, 6, 5, 0, 5, 0, -27, 3, 0, 439]",451.6600229740143
"[2, 2, 19, 1, 30, 5, 0, 0, 5, 5, 30, 2, 0, 0, 2, 0, 30, 3, 2, 0, 5, 1, 30, 2, 3, 0, 5, 1, 30, 2, 1, 0, 3, 1, -15, 3, 1, 579]","[1, -1, 11, 1, 30, 6, 6, 0, 4, 13, 30, 10, 0, 0, 0, 0, 30, 5, 12, 0, 4, 3, 30, 0, 8, 0, 14, 24, 30, 1, 5, 0, 5, 1, -15, 3, 1, 139]",454.91953682899475
"[2, 2, 19, 1, 30, 5, 0, 0, 5, 5, 30, 2, 0, 0, 2, 0, 30, 3, 2, 0, 5, 1, 30, 2, 3, 0, 5, 1, 30, 2, 1, 0, 3, 1, -15, 3, 1, 579]","[2, 3, 27, 7, 30, 4, 9, 0, 5, 12, 30, 5, 5, 0, 4, 2, 30, 6, 1, 0, 9, 5, 30, 2, 6, 0, 11, 10, 30, 4, 0, 0, 6, 0, -15, 3, 0, 1319]",454.91953682899475
"[2, 2, 19, 1, 30, 5, 0, 0, 5, 5, 30, 2, 0, 0, 2, 0, 30, 3, 2, 0, 5, 1, 30, 2, 3, 0, 5, 1, 30, 2, 1, 0, 3, 1, -15, 3, 1, 579]","[0, 1, 39, 0, 30, 9, 3, 0, 12, 26, 30, 1, 2, 0, 8, 1, 30, 0, 13, 0, 3, 1, 30, 3, 3, 0, 8, 22, 30, 7, 6, 0, 4, 1, -27, 3, 1, 1219]",454.91953682899475
"[2, 2, 18, 4, 30, 8, 0, 0, 8, 0, 30, 3, 1, 0, 4, 0, 30, 0, 8, 0, 8, 0, 30, 6, 2, 0, 8, 0, 30, 1, 4, 0, 5, 1, -15, 3, 1, 559]","[2, -1, 7, 3, 30, 12, 0, 0, 5, 14, 30, 2, 3, 0, 2, 4, 30, 3, 14, 0, 13, 14, 30, 4, 8, 0, 8, 12, 30, 6, 6, 0, 8, 1, -15, 3, 1, 219]",456.88680481910706
"[2, 2, 18, 4, 30, 8, 0, 0, 8, 0, 30, 3, 1, 0, 4, 0, 30, 0, 8, 0, 8, 0, 30, 6, 2, 0, 8, 0, 30, 1, 4, 0, 5, 1, -15, 3, 1, 559]","[1, 1, 14, 6, 30, 0, 2, 0, 6, 3, 30, 0, 2, 0, 0, 3, 30, 0, 8, 0, 4, 3, 30, 3, 12, 0, 13, 8, 30, 3, 4, 0, 4, 0, -27, 3, 1, 619]",456.88680481910706
"[2, 2, 18, 4, 30, 8, 0, 0, 8, 0, 30, 3, 1, 0, 4, 0, 30, 0, 8, 0, 8, 0, 30, 6, 2, 0, 8, 0, 30, 1, 4, 0, 5, 1, -15, 3, 1, 559]","[0, 2, 17, 5, 30, 10, 5, 0, 12, 5, 30, 3, 4, 0, 12, 0, 30, 8, 0, 0, 15, 10, 30, 7, 2, 0, 2, 22, 30, 2, 7, 0, 5, 1, -15, 3, 0, 1279]",456.88680481910706
"[2, 1, 23, 0, 30, 5, 0, 0, 5, 4, 30, 4, 0, 0, 4, 0, 30, 1, 4, 0, 5, 5, 30, 5, 0, 0, 5, 0, 30, 1, 1, 0, 2, 1, -15, 3, 1, 699]","[1, 0, 5, 5, 30, 14, 10, 0, 14, 9, 30, 0, 3, 0, 8, 5, 30, 6, 1, 0, 6, 0, 30, 13, 5, 0, 10, 1, 30, 1, 5, 0, 2, 0, -27, 3, 0, 1239]",450.893741607666
"[2, 1, 23, 0, 30, 5, 0, 0, 5, 4, 30, 4, 0, 0, 4, 0, 30, 1, 4, 0, 5, 5, 30, 5, 0, 0, 5, 0, 30, 1, 1, 0, 2, 1, -15, 3, 1, 699]","[0, 2, 20, 1, 30, 7, 5, 0, 5, 4, 30, 6, 5, 0, 6, 4, 30, 0, 7, 0, 10, 1, 30, 9, 4, 0, 12, 3, 30, 7, 6, 0, 7, 1, -27, 3, 0, 1339]",450.893741607666
"[2, 1, 23, 0, 30, 5, 0, 0, 5, 4, 30, 4, 0, 0, 4, 0, 30, 1, 4, 0, 5, 5, 30, 5, 0, 0, 5, 0, 30, 1, 1, 0, 2, 1, -15, 3, 1, 699]","[2, 4, 10, 0, 30, 3, 3, 0, 13, 20, 30, 3, 0, 0, 12, 2, 30, 8, 14, 0, 5, 9, 30, 4, 12, 0, 11, 14, 30, 6, 0, 0, 1, 0, -15, 3, 1, 1419]",450.893741607666
"[2, 3, 1, 0, 30, 7, 3, 0, 10, 0, 30, 2, 0, 0, 2, 1, 30, 4, 6, 0, 10, 3, 30, 9, 1, 0, 10, 0, 30, 6, 0, 0, 6, 0, -27, 3, 0, 59]","[1, 1, 23, 8, 30, 4, 1, 0, 10, 2, 30, 1, 5, 0, 8, 5, 30, 2, 1, 0, 9, 9, 30, 4, 1, 0, 9, 0, 30, 5, 6, 0, 7, 0, -15, 3, 1, 1439]",455.91031312942505
"[2, 3, 1, 0, 30, 7, 3, 0, 10, 0, 30, 2, 0, 0, 2, 1, 30, 4, 6, 0, 10, 3, 30, 9, 1, 0, 10, 0, 30, 6, 0, 0, 6, 0, -27, 3, 0, 59]","[2, 2, 40, 7, 30, 10, 3, 0, 2, 4, 30, 2, 3, 0, 12, 0, 30, 3, 9, 0, 6, 10, 30, 12, 12, 0, 15, 12, 30, 4, 0, 0, 3, 1, -27, 3, 0, 79]",455.91031312942505
"[2, 3, 1, 0, 30, 7, 3, 0, 10, 0, 30, 2, 0, 0, 2, 1, 30, 4, 6, 0, 10, 3, 30, 9, 1, 0, 10, 0, 30, 6, 0, 0, 6, 0, -27, 3, 0, 59]","[0, 0, 14, 2, 30, 1, 8, 0, 3, 26, 30, 10, 4, 0, 0, 4, 30, 8, 3, 0, 8, 0, 30, 11, 2, 0, 5, 2, 30, 7, 1, 0, 9, 1, -27, 3, 1, 899]",455.91031312942505
"[2, 0, 33, 3, 30, 3, 0, 0, 3, 6, 30, 2, 0, 0, 2, 0, 30, 0, 3, 0, 3, 5, 30, 2, 1, 0, 3, 0, 30, 2, 0, 0, 2, 1, -15, 3, 1, 999]","[0, 0, 28, 6, 30, 2, 2, 0, 4, 15, 30, 2, 3, 0, 2, 1, 30, 5, 4, 0, 7, 4, 30, 14, 5, 0, 12, 24, 30, 0, 0, 0, 6, 1, -15, 3, 0, 1399]",453.8435869216919
"[2, 0, 33, 3, 30, 3, 0, 0, 3, 6, 30, 2, 0, 0, 2, 0, 30, 0, 3, 0, 3, 5, 30, 2, 1, 0, 3, 0, 30, 2, 0, 0, 2, 1, -15, 3, 1, 999]","[1, 1, 1, 2, 30, 13, 0, 0, 11, 24, 30, 1, 0, 0, 10, 4, 30, 0, 14, 0, 3, 14, 30, 7, 7, 0, 7, 16, 30, 2, 6, 0, 1, 1, -15, 3, 1, 1419]",453.8435869216919
"[2, 0, 33, 3, 30, 3, 0, 0, 3, 6, 30, 2, 0, 0, 2, 0, 30, 0, 3, 0, 3, 5, 30, 2, 1, 0, 3, 0, 30, 2, 0, 0, 2, 1, -15, 3, 1, 999]","[2, 3, 37, 7, 30, 6, 7, 0, 13, 0, 30, 0, 4, 0, 4, 5, 30, 2, 13, 0, 4, 9, 30, 13, 1, 0, 9, 8, 30, 3, 3, 0, 2, 0, -27, 3, 1, 439]",453.8435869216919
"[2, 0, 31, 1, 30, 9, 3, 0, 12, 3, 30, 5, 3, 0, 8, 3, 30, 4, 8, 0, 12, 3, 30, 12, 0, 0, 12, 0, 30, 1, 5, 0, 6, 1, -15, 3, 1, 959]","[0, 2, 10, 8, 30, 1, 9, 0, 4, 2, 30, 1, 5, 0, 12, 4, 30, 2, 14, 0, 4, 3, 30, 4, 2, 0, 14, 9, 30, 1, 3, 0, 2, 0, -27, 3, 0, 139]",461.2316265106201
"[2, 0, 31, 1, 30, 9, 3, 0, 12, 3, 30, 5, 3, 0, 8, 3, 30, 4, 8, 0, 12, 3, 30, 12, 0, 0, 12, 0, 30, 1, 5, 0, 6, 1, -15, 3, 1, 959]","[2, 0, 14, 1, 30, 13, 8, 0, 3, 5, 30, 0, 3, 0, 4, 2, 30, 3, 8, 0, 9, 6, 30, 8, 4, 0, 9, 0, 30, 7, 5, 0, 9, 1, -15, 3, 1, 879]",461.2316265106201
"[2, 0, 31, 1, 30, 9, 3, 0, 12, 3, 30, 5, 3, 0, 8, 3, 30, 4, 8, 0, 12, 3, 30, 12, 0, 0, 12, 0, 30, 1, 5, 0, 6, 1, -15, 3, 1, 959]","[1, -1, 9, 4, 30, 5, 11, 0, 9, 15, 30, 7, 1, 0, 8, 0, 30, 9, 1, 0, 5, 0, 30, 3, 9, 0, 15, 20, 30, 0, 0, 0, 8, 0, -15, 3, 0, 1079]",461.2316265106201
"[2, 1, 9, 2, 30, 9, 2, 0, 11, 3, 30, 6, 0, 0, 6, 1, 30, 3, 8, 0, 11, 2, 30, 10, 1, 0, 11, 0, 30, 4, 0, 0, 4, 0, -27, 3, 0, 299]","[1, 1, 34, 5, 30, 9, 1, 0, 15, 12, 30, 6, 0, 0, 6, 1, 30, 5, 9, 0, 5, 2, 30, 8, 13, 0, 4, 8, 30, 3, 4, 0, 0, 0, -27, 3, 1, 1139]",453.4448802471161
"[2, 1, 9, 2, 30, 9, 2, 0, 11, 3, 30, 6, 0, 0, 6, 1, 30, 3, 8, 0, 11, 2, 30, 10, 1, 0, 11, 0, 30, 4, 0, 0, 4, 0, -27, 3, 0, 299]","[2, -1, 39, 0, 30, 0, 10, 0, 5, 18, 30, 7, 2, 0, 2, 2, 30, 9, 13, 0, 6, 8, 30, 10, 1, 0, 15, 5, 30, 6, 0, 0, 6, 1, -27, 3, 1, 119]",453.4448802471161
"[2, 1, 9, 2, 30, 9, 2, 0, 11, 3, 30, 6, 0, 0, 6, 1, 30, 3, 8, 0, 11, 2, 30, 10, 1, 0, 11, 0, 30, 4, 0, 0, 4, 0, -27, 3, 0, 299]","[0, 0, 45, 4, 30, 12, 6, 0, 14, 20, 30, 3, 7, 0, 12, 0, 30, 3, 5, 0, 11, 0, 30, 1, 9, 0, 13, 11, 30, 0, 7, 0, 7, 0, -15, 3, 0, 1419]",453.4448802471161
"[2, 4, 29, 1, 30, 2, 3, 0, 5, 0, 30, 3, 5, 0, 8, 0, 30, 1, 4, 0, 5, 2, 30, 2, 3, 0, 5, 0, 30, 2, 2, 0, 4, 1, -15, 3, 1, 879]","[0, 1, 23, 7, 30, 12, 2, 0, 6, 22, 30, 3, 0, 0, 0, 2, 30, 5, 4, 0, 4, 8, 30, 8, 2, 0, 14, 8, 30, 0, 0, 0, 2, 1, -15, 3, 1, 1239]",461.55857038497925
"[2, 4, 29, 1, 30, 2, 3, 0, 5, 0, 30, 3, 5, 0, 8, 0, 30, 1, 4, 0, 5, 2, 30, 2, 3, 0, 5, 0, 30, 2, 2, 0, 4, 1, -15, 3, 1, 879]","[1, 3, 30, 0, 30, 7, 4, 0, 13, 12, 30, 6, 1, 0, 4, 0, 30, 0, 9, 0, 12, 0, 30, 10, 12, 0, 4, 18, 30, 3, 6, 0, 8, 1, -15, 3, 0, 1319]",461.55857038497925
"[2, 4, 29, 1, 30, 2, 3, 0, 5, 0, 30, 3, 5, 0, 8, 0, 30, 1, 4, 0, 5, 2, 30, 2, 3, 0, 5, 0, 30, 2, 2, 0, 4, 1, -15, 3, 1, 879]","[2, 0, 14, 5, 30, 2, 11, 0, 7, 23, 30, 0, 2, 0, 8, 3, 30, 1, 2, 0, 8, 10, 30, 5, 8, 0, 13, 4, 30, 2, 1, 0, 3, 0, -27, 3, 0, 999]",461.55857038497925
"[2, 0, 25, 6, 30, 4, 0, 0, 4, 5, 30, 2, 0, 0, 2, 0, 30, 1, 3, 0, 4, 5, 30, 4, 0, 0, 4, 0, 30, 0, 1, 0, 1, 1, -15, 3, 1, 759]","[0, 0, 7, 8, 30, 2, 9, 0, 11, 18, 30, 6, 5, 0, 10, 4, 30, 8, 11, 0, 7, 10, 30, 2, 9, 0, 15, 7, 30, 2, 5, 0, 5, 1, -15, 3, 0, 1319]",457.1888439655304
"[2, 0, 25, 6, 30, 4, 0, 0, 4, 5, 30, 2, 0, 0, 2, 0, 30, 1, 3, 0, 4, 5, 30, 4, 0, 0, 4, 0, 30, 0, 1, 0, 1, 1, -15, 3, 1, 759]","[1, 4, 18, 4, 30, 14, 2, 0, 12, 9, 30, 0, 2, 0, 2, 3, 30, 0, 3, 0, 10, 1, 30, 5, 3, 0, 4, 0, 30, 6, 6, 0, 6, 1, -27, 3, 1, 159]",457.1888439655304
"[2, 0, 25, 6, 30, 4, 0, 0, 4, 5, 30, 2, 0, 0, 2, 0, 30, 1, 3, 0, 4, 5, 30, 4, 0, 0, 4, 0, 30, 0, 1, 0, 1, 1, -15, 3, 1, 759]","[2, 2, 3, 0, 30, 11, 4, 0, 3, 22, 30, 5, 0, 0, 0, 1, 30, 4, 0, 0, 5, 2, 30, 0, 4, 0, 9, 23, 30, 7, 4, 0, 0, 0, -27, 3, 1, 1299]",457.1888439655304
"[2, 0, 21, 0, 30, 2, 1, 0, 3, 10, 30, 2, 0, 0, 2, 0, 30, 2, 1, 0, 3, 0, 30, 1, 2, 0, 3, 0, 30, 1, 0, 0, 1, 1, -15, 3, 1, 639]","[2, 1, 12, 5, 30, 9, 6, 0, 15, 8, 30, 1, 0, 0, 6, 4, 30, 3, 11, 0, 7, 1, 30, 0, 3, 0, 8, 17, 30, 3, 1, 0, 3, 1, -15, 3, 0, 1219]",458.1530487537384
"[2, 0, 21, 0, 30, 2, 1, 0, 3, 10, 30, 2, 0, 0, 2, 0, 30, 2, 1, 0, 3, 0, 30, 1, 2, 0, 3, 0, 30, 1, 0, 0, 1, 1, -15, 3, 1, 639]","[0, 2, 8, 0, 30, 3, 10, 0, 9, 12, 30, 0, 2, 0, 8, 5, 30, 0, 3, 0, 10, 7, 30, 7, 0, 0, 4, 8, 30, 7, 0, 0, 9, 0, -27, 3, 1, 1139]",458.1530487537384
"[2, 0, 21, 0, 30, 2, 1, 0, 3, 10, 30, 2, 0, 0, 2, 0, 30, 2, 1, 0, 3, 0, 30, 1, 2, 0, 3, 0, 30, 1, 0, 0, 1, 1, -15, 3, 1, 639]","[1, 3, 41, 7, 30, 14, 11, 0, 14, 10, 30, 6, 7, 0, 4, 1, 30, 10, 6, 0, 12, 6, 30, 12, 12, 0, 15, 0, 30, 2, 5, 0, 7, 0, -15, 3, 1, 959]",458.1530487537384
"[2, 2, 40, 0, 30, 3, 6, 0, 9, 1, 30, 2, 0, 0, 2, 0, 30, 1, 8, 0, 9, 0, 30, 3, 6, 0, 9, 15, 30, 3, 0, 0, 3, 1, -15, 3, 1, 1219]","[1, 1, 11, 1, 30, 5, 10, 0, 3, 23, 30, 5, 1, 0, 2, 4, 30, 2, 3, 0, 13, 2, 30, 10, 2, 0, 4, 8, 30, 3, 6, 0, 5, 1, -15, 3, 1, 999]",454.1759560108185
"[2, 2, 40, 0, 30, 3, 6, 0, 9, 1, 30, 2, 0, 0, 2, 0, 30, 1, 8, 0, 9, 0, 30, 3, 6, 0, 9, 15, 30, 3, 0, 0, 3, 1, -15, 3, 1, 1219]","[0, 0, 29, 0, 30, 0, 4, 0, 13, 11, 30, 4, 7, 0, 0, 2, 30, 0, 12, 0, 9, 0, 30, 9, 0, 0, 15, 24, 30, 2, 5, 0, 0, 1, -15, 3, 0, 159]",454.1759560108185
"[2, 2, 40, 0, 30, 3, 6, 0, 9, 1, 30, 2, 0, 0, 2, 0, 30, 1, 8, 0, 9, 0, 30, 3, 6, 0, 9, 15, 30, 3, 0, 0, 3, 1, -15, 3, 1, 1219]","[2, 2, 39, 4, 30, 14, 1, 0, 11, 0, 30, 6, 2, 0, 10, 5, 30, 5, 0, 0, 11, 6, 30, 6, 12, 0, 12, 18, 30, 6, 1, 0, 9, 0, -27, 3, 1, 979]",454.1759560108185
"[2, 4, 26, 6, 30, 9, 0, 0, 9, 0, 30, 2, 2, 0, 4, 2, 30, 0, 9, 0, 9, 1, 30, 6, 3, 0, 9, 2, 30, 1, 2, 0, 3, 1, -15, 3, 1, 799]","[2, 2, 47, 8, 30, 10, 7, 0, 13, 24, 30, 4, 1, 0, 0, 0, 30, 1, 13, 0, 15, 10, 30, 4, 8, 0, 6, 13, 30, 6, 0, 0, 5, 0, -15, 3, 0, 219]",454.0829391479492
"[2, 4, 26, 6, 30, 9, 0, 0, 9, 0, 30, 2, 2, 0, 4, 2, 30, 0, 9, 0, 9, 1, 30, 6, 3, 0, 9, 2, 30, 1, 2, 0, 3, 1, -15, 3, 1, 799]","[1, 3, 46, 5, 30, 11, 5, 0, 2, 4, 30, 10, 3, 0, 4, 1, 30, 10, 11, 0, 7, 6, 30, 8, 10, 0, 12, 16, 30, 2, 1, 0, 9, 1, -15, 3, 0, 259]",454.0829391479492
"[2, 4, 26, 6, 30, 9, 0, 0, 9, 0, 30, 2, 2, 0, 4, 2, 30, 0, 9, 0, 9, 1, 30, 6, 3, 0, 9, 2, 30, 1, 2, 0, 3, 1, -15, 3, 1, 799]","[0, 0, 31, 7, 30, 1, 4, 0, 10, 15, 30, 5, 2, 0, 8, 2, 30, 3, 0, 0, 2, 9, 30, 6, 12, 0, 10, 24, 30, 0, 6, 0, 2, 1, -27, 3, 1, 299]",454.0829391479492
"[2, 2, 19, 2, 30, 5, 0, 0, 5, 5, 30, 2, 0, 0, 2, 0, 30, 3, 2, 0, 5, 0, 30, 3, 2, 0, 5, 1, 30, 2, 1, 0, 3, 1, -15, 3, 1, 579]","[2, -1, 18, 1, 30, 1, 0, 0, 14, 2, 30, 7, 5, 0, 2, 0, 30, 5, 1, 0, 5, 11, 30, 3, 1, 0, 6, 0, 30, 6, 5, 0, 9, 0, -27, 3, 0, 1439]",453.5582752227783
"[2, 2, 19, 2, 30, 5, 0, 0, 5, 5, 30, 2, 0, 0, 2, 0, 30, 3, 2, 0, 5, 0, 30, 3, 2, 0, 5, 1, 30, 2, 1, 0, 3, 1, -15, 3, 1, 579]","[0, 0, 21, 4, 30, 6, 8, 0, 9, 10, 30, 8, 4, 0, 12, 5, 30, 1, 8, 0, 14, 2, 30, 7, 6, 0, 2, 11, 30, 5, 1, 0, 0, 1, -15, 3, 0, 439]",453.5582752227783
"[2, 2, 19, 2, 30, 5, 0, 0, 5, 5, 30, 2, 0, 0, 2, 0, 30, 3, 2, 0, 5, 0, 30, 3, 2, 0, 5, 1, 30, 2, 1, 0, 3, 1, -15, 3, 1, 579]","[1, 3, 37, 6, 30, 3, 5, 0, 10, 23, 30, 2, 1, 0, 6, 4, 30, 0, 9, 0, 13, 8, 30, 9, 8, 0, 4, 4, 30, 1, 7, 0, 6, 1, -15, 3, 1, 1119]",453.5582752227783
"[2, 3, 15, 0, 30, 2, 2, 0, 4, 0, 30, 6, 0, 0, 6, 0, 30, 2, 2, 0, 4, 1, 30, 4, 0, 0, 4, 0, 30, 1, 3, 0, 4, 1, -15, 3, 1, 459]","[2, 2, 18, 0, 30, 2, 8, 0, 2, 26, 30, 1, 2, 0, 4, 5, 30, 7, 6, 0, 10, 2, 30, 2, 5, 0, 8, 4, 30, 1, 7, 0, 0, 1, -15, 3, 1, 1239]",458.33456802368164
"[2, 3, 15, 0, 30, 2, 2, 0, 4, 0, 30, 6, 0, 0, 6, 0, 30, 2, 2, 0, 4, 1, 30, 4, 0, 0, 4, 0, 30, 1, 3, 0, 4, 1, -15, 3, 1, 459]","[1, 4, 11, 5, 30, 5, 0, 0, 9, 2, 30, 8, 1, 0, 6, 1, 30, 2, 14, 0, 11, 0, 30, 11, 12, 0, 9, 24, 30, 0, 1, 0, 6, 0, -27, 3, 0, 719]",458.33456802368164
"[2, 3, 15, 0, 30, 2, 2, 0, 4, 0, 30, 6, 0, 0, 6, 0, 30, 2, 2, 0, 4, 1, 30, 4, 0, 0, 4, 0, 30, 1, 3, 0, 4, 1, -15, 3, 1, 459]","[0, 3, 19, 4, 30, 13, 14, 0, 7, 12, 30, 6, 0, 0, 10, 0, 30, 8, 5, 0, 6, 5, 30, 10, 3, 0, 15, 8, 30, 2, 3, 0, 7, 1, -15, 3, 1, 1399]",458.33456802368164
"[2, 1, 39, 0, 30, 1, 3, 0, 4, 3, 30, 2, 0, 0, 2, 0, 30, 1, 3, 0, 4, 0, 30, 2, 2, 0, 4, 14, 30, 1, 0, 0, 1, 1, -15, 3, 1, 1179]","[2, 0, 14, 5, 30, 12, 0, 0, 6, 3, 30, 2, 7, 0, 6, 5, 30, 6, 9, 0, 12, 3, 30, 7, 13, 0, 13, 24, 30, 3, 7, 0, 2, 0, -27, 3, 0, 919]",454.01081895828247
"[2, 1, 39, 0, 30, 1, 3, 0, 4, 3, 30, 2, 0, 0, 2, 0, 30, 1, 3, 0, 4, 0, 30, 2, 2, 0, 4, 14, 30, 1, 0, 0, 1, 1, -15, 3, 1, 1179]","[0, 2, 9, 7, 30, 6, 4, 0, 7, 21, 30, 6, 2, 0, 8, 0, 30, 5, 0, 0, 3, 4, 30, 9, 1, 0, 2, 5, 30, 2, 5, 0, 4, 0, -27, 3, 0, 1359]",454.01081895828247
"[2, 1, 39, 0, 30, 1, 3, 0, 4, 3, 30, 2, 0, 0, 2, 0, 30, 1, 3, 0, 4, 0, 30, 2, 2, 0, 4, 14, 30, 1, 0, 0, 1, 1, -15, 3, 1, 1179]","[1, -1, 26, 6, 30, 0, 5, 0, 2, 7, 30, 5, 4, 0, 0, 1, 30, 9, 11, 0, 7, 7, 30, 2, 10, 0, 5, 22, 30, 5, 2, 0, 7, 1, -15, 3, 1, 619]",454.01081895828247
"[2, 0, 26, 6, 30, 9, 0, 0, 9, 4, 30, 2, 2, 0, 4, 2, 30, 0, 9, 0, 9, 2, 30, 6, 3, 0, 9, 2, 30, 1, 2, 0, 3, 1, -15, 3, 1, 799]","[2, 0, 23, 5, 30, 7, 2, 0, 7, 9, 30, 3, 3, 0, 4, 3, 30, 2, 7, 0, 11, 4, 30, 14, 9, 0, 6, 22, 30, 2, 1, 0, 9, 1, -15, 3, 0, 119]",458.984717130661
"[2, 0, 26, 6, 30, 9, 0, 0, 9, 4, 30, 2, 2, 0, 4, 2, 30, 0, 9, 0, 9, 2, 30, 6, 3, 0, 9, 2, 30, 1, 2, 0, 3, 1, -15, 3, 1, 799]","[0, 2, 42, 3, 30, 2, 9, 0, 5, 26, 30, 10, 1, 0, 6, 1, 30, 8, 8, 0, 10, 9, 30, 9, 4, 0, 11, 24, 30, 0, 4, 0, 4, 0, -27, 3, 1, 599]",458.984717130661
"[2, 0, 26, 6, 30, 9, 0, 0, 9, 4, 30, 2, 2, 0, 4, 2, 30, 0, 9, 0, 9, 2, 30, 6, 3, 0, 9, 2, 30, 1, 2, 0, 3, 1, -15, 3, 1, 799]","[1, 4, 35, 4, 30, 4, 14, 0, 11, 3, 30, 6, 4, 0, 0, 0, 30, 7, 5, 0, 5, 5, 30, 7, 2, 0, 9, 13, 30, 3, 5, 0, 1, 1, -15, 3, 0, 1339]",458.984717130661
